{"type":"FeatureCollection","features":[{"type":"Feature","properties":{"name":"Stamford","url":"stamford/index.html","eventsKey":"Stamford"},"geometry":{"type":"Polygon","coordinates":[[[-73.6339806,41.1440481],[-73.632448,41.142424],[-73.63198,41.141791],[-73.630912,41.140356],[-73.63042,41.139686],[-73.630033,41.139157],[-73.629863,41.138947],[-73.629378,41.138301],[-73.628086,41.136612],[-73.627729,41.136137],[-73.627702,41.136105],[-73.627039,41.135396],[-73.626427,41.134607],[-73.626022,41.134015],[-73.62544,41.133164],[-73.62267,41.129118],[-73.622459,41.128853],[-73.62137,41.127487],[-73.620622,41.126532],[-73.619507,41.12511],[-73.618352,41.12369],[-73.617747,41.122947],[-73.617587,41.12275],[-73.616653,41.121498],[-73.616636,41.121476],[-73.615585,41.120067],[-73.61494,41.119202],[-73.613785,41.117654],[-73.613285,41.116956],[-73.612896,41.116393],[-73.612922,41.116399],[-73.612525,41.116056],[-73.612254,41.115763],[-73.611913,41.115373],[-73.611779,41.115205],[-73.610943,41.114222],[-73.610553,41.113767],[-73.60909,41.112103],[-73.607055,41.109609],[-73.606702,41.109024],[-73.606346,41.108427],[-73.605722,41.107619],[-73.60385,41.105195],[-73.603226,41.104387],[-73.602799,41.103824],[-73.601613,41.102258],[-73.60152,41.102136],[-73.601094,41.101574],[-73.600707,41.101062],[-73.600119,41.100284],[-73.599549,41.099529],[-73.599229,41.099105],[-73.599163,41.099018],[-73.598625,41.098294],[-73.597012,41.096123],[-73.596475,41.0954],[-73.595275,41.0941],[-73.593402,41.09179],[-73.593089,41.091404],[-73.592448,41.090614],[-73.5882035,41.0853783],[-73.587571,41.084598],[-73.583292,41.079113],[-73.580134,41.075064],[-73.580062,41.07499],[-73.580038,41.074966],[-73.579837,41.074701],[-73.579174,41.073827],[-73.578953,41.073536],[-73.578684,41.073154],[-73.57788,41.072008],[-73.577694,41.071742],[-73.577654,41.071684],[-73.577613,41.071626],[-73.577562,41.071595],[-73.577543,41.071584],[-73.577474,41.071542],[-73.577412,41.071504],[-73.577362,41.071474],[-73.577187,41.071215],[-73.576664,41.07044],[-73.57649,41.070182],[-73.575717,41.069177],[-73.573398,41.066162],[-73.572625,41.065158],[-73.571768,41.064061],[-73.569199,41.060771],[-73.568343,41.059675],[-73.568328,41.059634],[-73.568285,41.059514],[-73.568336,41.059467],[-73.567949,41.059012],[-73.567827,41.057389],[-73.567756,41.05653],[-73.567641,41.055881],[-73.5672568,41.0549063],[-73.5671998,41.0546693],[-73.5671692,41.0545396],[-73.567154,41.054493],[-73.5671218,41.0543746],[-73.5670498,41.0540469],[-73.5668583,41.0529728],[-73.5667283,41.0525672],[-73.5666615,41.0523129],[-73.5665625,41.0519884],[-73.5665198,41.0518663],[-73.5664622,41.0516245],[-73.5664115,41.0513967],[-73.566217,41.0507451],[-73.5658276,41.049054],[-73.5656395,41.0483811],[-73.5655547,41.0478886],[-73.5653399,41.046929],[-73.5652761,41.0466699],[-73.5652642,41.0465953],[-73.5652365,41.0464435],[-73.5652075,41.0463082],[-73.5649825,41.045281],[-73.5648507,41.0448653],[-73.5648314,41.0447416],[-73.5648029,41.0446337],[-73.564644,41.0440361],[-73.5645724,41.0437668],[-73.5640562,41.0417746],[-73.5640122,41.041605],[-73.5639617,41.04141],[-73.563698,41.0409982],[-73.5636064,41.0408552],[-73.5634386,41.0405932],[-73.5633906,41.0405322],[-73.563154,41.040232],[-73.56274,41.039539],[-73.562702,41.039474],[-73.562663,41.039409],[-73.562582,41.039274],[-73.562553,41.039225],[-73.561503,41.037467],[-73.561472,41.037414],[-73.56144,41.037361],[-73.561402,41.037313],[-73.560087,41.035095],[-73.559207,41.033762],[-73.556568,41.029764],[-73.556497,41.029656],[-73.556456,41.029594],[-73.556415,41.029531],[-73.556381,41.029479],[-73.556347,41.029427],[-73.555689,41.028431],[-73.555639,41.02838],[-73.555623,41.028364],[-73.5556,41.028178],[-73.555592,41.028109],[-73.555642,41.028081],[-73.555679,41.027664],[-73.555686,41.027593],[-73.555657,41.027236],[-73.555628,41.027164],[-73.555425,41.027022],[-73.55536,41.02689],[-73.5553079,41.0264501],[-73.5551477,41.0242432],[-73.5539833,41.023435],[-73.5481377,41.0193776],[-73.5474869,40.9645138],[-73.4956477,40.9753166],[-73.4954009,41.0485555],[-73.496682,41.049188],[-73.49787,41.049389],[-73.500254,41.052796],[-73.50248,41.055977],[-73.506318,41.058885],[-73.506528,41.059262],[-73.507057,41.06021],[-73.507327,41.06092],[-73.507339,41.060935],[-73.507349,41.060979],[-73.507376,41.061092],[-73.507567,41.061526],[-73.508143,41.06208],[-73.508467,41.062834],[-73.508551,41.06303],[-73.508744,41.063478],[-73.508741,41.063802],[-73.508746,41.064375],[-73.508893,41.064978],[-73.508934,41.065128],[-73.509097,41.065735],[-73.509285,41.066065],[-73.509403,41.066273],[-73.509654,41.066593],[-73.509725,41.066628],[-73.509952,41.066799],[-73.51014,41.067186],[-73.510101,41.067341],[-73.509942,41.067407],[-73.50998,41.067542],[-73.509907,41.067635],[-73.509832,41.068181],[-73.509889,41.068627],[-73.509895,41.068711],[-73.509929,41.069234],[-73.50975,41.06965],[-73.509736,41.069853],[-73.509961,41.070173],[-73.510005,41.070409],[-73.510084,41.070829],[-73.510112,41.070838],[-73.51065,41.071025],[-73.510809,41.071101],[-73.510933,41.071528],[-73.510933,41.071712],[-73.510936,41.07217],[-73.510936,41.072209],[-73.511344,41.07268],[-73.511368,41.072687],[-73.511831,41.072828],[-73.512312,41.072854],[-73.513097,41.072817],[-73.51339,41.072926],[-73.513734,41.073055],[-73.513992,41.073247],[-73.51408,41.073312],[-73.514168,41.073378],[-73.51428,41.073569],[-73.514337,41.073664],[-73.51444,41.073731],[-73.514547,41.0738],[-73.515178,41.074208],[-73.515389,41.074344],[-73.51535,41.074379],[-73.515325,41.074404],[-73.515295,41.074438],[-73.515269,41.07451],[-73.515252,41.07456],[-73.515123,41.074589],[-73.515039,41.074608],[-73.514753,41.074726],[-73.514682,41.074756],[-73.51463,41.074774],[-73.514715,41.074894],[-73.514765,41.074964],[-73.515084,41.075125],[-73.515217,41.075192],[-73.51529,41.075229],[-73.515511,41.07534],[-73.515585,41.075377],[-73.51588,41.075525],[-73.516118,41.075656],[-73.517242,41.077718],[-73.517411,41.078027],[-73.517393,41.078172],[-73.51729,41.079024],[-73.517578,41.079298],[-73.517768,41.079597],[-73.517739,41.079797],[-73.517854,41.079833],[-73.518011,41.079977],[-73.518152,41.080272],[-73.517931,41.080604],[-73.517294,41.080939],[-73.516975,41.081168],[-73.516827,41.081794],[-73.516777,41.082275],[-73.516724,41.082804],[-73.516315,41.083182],[-73.516205,41.083283],[-73.516038,41.083585],[-73.51603,41.083949],[-73.516744,41.084323],[-73.516842,41.084708],[-73.516812,41.084796],[-73.516719,41.085078],[-73.516654,41.085133],[-73.516218,41.085358],[-73.515681,41.085544],[-73.515521,41.085676],[-73.51518,41.086209],[-73.514911,41.086822],[-73.514766,41.087153],[-73.514627,41.087647],[-73.514598,41.087713],[-73.514513,41.088183],[-73.514496,41.088284],[-73.514496,41.088492],[-73.514619,41.088728],[-73.514793,41.088866],[-73.515229,41.088965],[-73.515504,41.089064],[-73.51562,41.089152],[-73.515664,41.089338],[-73.515591,41.089591],[-73.515489,41.089832],[-73.515264,41.090074],[-73.514828,41.090623],[-73.514712,41.090864],[-73.514467,41.091386],[-73.514387,41.091558],[-73.514341,41.092407],[-73.514591,41.0927],[-73.514645,41.092764],[-73.514747,41.092846],[-73.514859,41.092964],[-73.514935,41.093044],[-73.514979,41.093242],[-73.514899,41.09362],[-73.51495,41.094054],[-73.514963,41.094164],[-73.514891,41.094422],[-73.514811,41.0946],[-73.514723,41.094801],[-73.514524,41.095109],[-73.514469,41.095196],[-73.514432,41.09528],[-73.514345,41.095476],[-73.514207,41.09569],[-73.514104,41.095786],[-73.513772,41.096101],[-73.513554,41.096359],[-73.5135516,41.096377],[-73.51351,41.096683],[-73.5133731,41.0969369],[-73.51329,41.0970218],[-73.513212,41.097079],[-73.513154,41.097095],[-73.513137,41.09716],[-73.513096,41.09732],[-73.513081,41.097644],[-73.513012,41.097743],[-73.5128152,41.0982325],[-73.512733,41.098288],[-73.512739,41.098374],[-73.512725,41.09861],[-73.5127191,41.0986223],[-73.512623,41.098824],[-73.512543,41.099148],[-73.5125081,41.099232],[-73.5124142,41.0993068],[-73.5123432,41.0993594],[-73.5122734,41.0994251],[-73.51226,41.0994938],[-73.512281,41.099554],[-73.512129,41.099609],[-73.511882,41.099565],[-73.511875,41.0995641],[-73.51185,41.0995729],[-73.5118228,41.099588],[-73.5117893,41.0996312],[-73.5116431,41.0998849],[-73.5115238,41.09999],[-73.511414,41.100064],[-73.511155,41.100668],[-73.511101,41.100812],[-73.5110571,41.1011128],[-73.5109457,41.1012007],[-73.5108036,41.1012664],[-73.510625,41.101491],[-73.510479,41.101744],[-73.5103825,41.1019738],[-73.510363,41.102068],[-73.510486,41.102134],[-73.510581,41.102205],[-73.5108009,41.1023618],[-73.5107379,41.1024376],[-73.510667,41.102529],[-73.510435,41.102557],[-73.510217,41.102584],[-73.510087,41.10265],[-73.5100566,41.1029015],[-73.5099516,41.103051],[-73.5099104,41.1031956],[-73.509858,41.1032828],[-73.5099409,41.1034191],[-73.5098617,41.1035462],[-73.509639,41.103664],[-73.509448,41.103838],[-73.509403,41.104595],[-73.509445,41.104808],[-73.509656,41.104851],[-73.509787,41.105126],[-73.509932,41.105307],[-73.510063,41.105378],[-73.510264,41.105432],[-73.510288,41.105439],[-73.51052,41.105444],[-73.511166,41.105555],[-73.511398,41.105648],[-73.511499,41.10578],[-73.511594,41.106027],[-73.511586,41.106532],[-73.511469,41.107229],[-73.511513,41.107471],[-73.511447,41.107619],[-73.511178,41.107954],[-73.51112,41.108173],[-73.511033,41.108404],[-73.510815,41.108552],[-73.510582,41.108673],[-73.510328,41.108876],[-73.510212,41.1092],[-73.510146,41.109293],[-73.510016,41.109331],[-73.509936,41.109282],[-73.509842,41.109238],[-73.509798,41.109243],[-73.509507,41.109452],[-73.509369,41.109704],[-73.509319,41.109726],[-73.509239,41.109726],[-73.508869,41.109633],[-73.508702,41.109644],[-73.508484,41.109731],[-73.508084,41.110022],[-73.507837,41.11011],[-73.507561,41.110126],[-73.507395,41.110071],[-73.507271,41.109956],[-73.507141,41.109775],[-73.506922,41.109616],[-73.5068,41.109527],[-73.506676,41.109505],[-73.506509,41.109555],[-73.506255,41.109802],[-73.505972,41.110049],[-73.50579,41.110147],[-73.505289,41.110603],[-73.504555,41.111031],[-73.50449,41.111129],[-73.50449,41.111174],[-73.503697,41.111861],[-73.502756,41.112679],[-73.501321,41.113924],[-73.500756,41.114414],[-73.502193,41.11437],[-73.502652,41.114355],[-73.504634,41.114295],[-73.50784,41.114196],[-73.508051,41.114248],[-73.508252,41.114297],[-73.508441,41.114311],[-73.509497,41.114393],[-73.510813,41.114496],[-73.511794,41.114458],[-73.51474,41.114344],[-73.515722,41.114307],[-73.517043,41.114353],[-73.5212669,41.1144981],[-73.52217,41.117844],[-73.522236,41.118052],[-73.522434,41.118679],[-73.52247,41.118793],[-73.5225,41.118888],[-73.523025,41.12033],[-73.524603,41.124657],[-73.52513,41.1261],[-73.525701,41.127627],[-73.527414,41.132209],[-73.527986,41.133737],[-73.528014,41.133814],[-73.528101,41.134045],[-73.52813,41.134122],[-73.528326,41.134647],[-73.528915,41.136223],[-73.529112,41.136749],[-73.529938,41.138954],[-73.530105,41.1394],[-73.53176,41.143813],[-73.532418,41.14557],[-73.53314,41.147496],[-73.533192,41.147636],[-73.533245,41.147776],[-73.533282,41.14787],[-73.533319,41.147963],[-73.533438,41.148264],[-73.534021,41.149728],[-73.534057,41.149819],[-73.534096,41.15003],[-73.534134,41.15024],[-73.534359,41.151199],[-73.534369,41.151483],[-73.534351,41.151521],[-73.534215,41.151626],[-73.533469,41.151731],[-73.533054,41.151972],[-73.53299,41.152199],[-73.532725,41.15298],[-73.532641,41.153231],[-73.532741,41.153434],[-73.533047,41.15359],[-73.533048,41.153657],[-73.533056,41.153956],[-73.532883,41.154182],[-73.532327,41.154389],[-73.53233,41.154598],[-73.532602,41.154791],[-73.533082,41.155006],[-73.533337,41.155224],[-73.533477,41.155282],[-73.533978,41.155327],[-73.534295,41.155369],[-73.534601,41.155524],[-73.534868,41.155717],[-73.534917,41.1558],[-73.53499,41.155896],[-73.53515,41.15658],[-73.535476,41.156983],[-73.535549,41.157438],[-73.535784,41.157795],[-73.53613,41.158015],[-73.536468,41.158243],[-73.537242,41.158563],[-73.537455,41.158891],[-73.538369,41.15949],[-73.538724,41.160052],[-73.538834,41.160014],[-73.539324,41.160191],[-73.539769,41.160083],[-73.540021,41.160067],[-73.540178,41.16012],[-73.540442,41.160281],[-73.540942,41.160957],[-73.540955,41.161495],[-73.541248,41.161873],[-73.541319,41.161964],[-73.541567,41.162261],[-73.541772,41.162823],[-73.541987,41.163129],[-73.542368,41.16338],[-73.543746,41.163657],[-73.543988,41.164048],[-73.544133,41.164764],[-73.544201,41.164864],[-73.544225,41.164886],[-73.544229,41.164907],[-73.544281,41.164984],[-73.544396,41.165153],[-73.544533,41.165175],[-73.544626,41.165191],[-73.544645,41.165183],[-73.544695,41.165215],[-73.545486,41.16572],[-73.547366,41.167821],[-73.549247,41.169921],[-73.549354,41.170041],[-73.549462,41.170161],[-73.551242,41.17215],[-73.553023,41.174138],[-73.553052,41.17417],[-73.552297,41.176004],[-73.552265,41.17608],[-73.552303,41.176159],[-73.552842,41.177276],[-73.553381,41.178392],[-73.55357,41.178584],[-73.553603,41.178671],[-73.553642,41.178771],[-73.553599,41.179199],[-73.553621,41.179282],[-73.553737,41.179441],[-73.55402,41.179649],[-73.554136,41.179699],[-73.554216,41.179704],[-73.554434,41.179798],[-73.554638,41.179929],[-73.5548725,41.1798973],[-73.56467,41.175454],[-73.5647694,41.1754085],[-73.580254,41.168327],[-73.596983,41.160782],[-73.614002,41.153078],[-73.624218,41.14843],[-73.625458,41.147937],[-73.630848,41.14549],[-73.6339806,41.1440481]]]}},{"type":"Feature","properties":{"name":"Princeton","url":"princeton/index.html","eventsKey":"Princeton"},"geometry":{"type":"Polygon","coordinates":[[[-74.7221219,40.3750605],[-74.7218857,40.3746188],[-74.7218584,40.3745674],[-74.721763,40.374388],[-74.7212976,40.3734626],[-74.7212577,40.3733831],[-74.7207384,40.3724175],[-74.7205491,40.3720215],[-74.720492,40.371902],[-74.7203339,40.3715726],[-74.720313,40.371529],[-74.7201345,40.3711602],[-74.719952,40.370783],[-74.7199129,40.3707068],[-74.719666,40.370225],[-74.719366,40.36967],[-74.7192269,40.3694247],[-74.7191558,40.3692994],[-74.719054,40.36912],[-74.718814,40.3686913],[-74.7184753,40.3680169],[-74.7180777,40.3673432],[-74.7178459,40.3669354],[-74.7177614,40.3667771],[-74.7175793,40.3664763],[-74.7174873,40.366314],[-74.7161614,40.3638696],[-74.7155841,40.3629508],[-74.7150738,40.361999],[-74.7148823,40.3616543],[-74.7148734,40.3616408],[-74.7147722,40.3614886],[-74.71465,40.361267],[-74.714279,40.360502],[-74.7141759,40.3603053],[-74.7141202,40.3601991],[-74.7137429,40.359488],[-74.713669,40.3593488],[-74.7131124,40.3583002],[-74.7130368,40.3581578],[-74.712875,40.357853],[-74.7126956,40.3575134],[-74.71265,40.357427],[-74.712136,40.356436],[-74.7120316,40.3562345],[-74.711962,40.356102],[-74.7117116,40.3556576],[-74.7114297,40.3551574],[-74.711354,40.355023],[-74.7098155,40.3522211],[-74.7096716,40.3519717],[-74.7095599,40.3517902],[-74.7091966,40.3511195],[-74.7089785,40.3507168],[-74.708586,40.349992],[-74.7085676,40.349957],[-74.7083265,40.3494978],[-74.7081164,40.3490976],[-74.7080038,40.3488832],[-74.707748,40.348396],[-74.7076804,40.3482751],[-74.7076526,40.3482252],[-74.7073337,40.3476546],[-74.707078,40.347197],[-74.7069652,40.3469952],[-74.706808,40.346714],[-74.7066661,40.3464526],[-74.7064765,40.3461031],[-74.70642,40.345999],[-74.7057419,40.3447534],[-74.705248,40.343838],[-74.7047032,40.3428202],[-74.704655,40.342722],[-74.7044345,40.3423072],[-74.7044311,40.3423008],[-74.7040303,40.3415469],[-74.703983,40.341458],[-74.7037597,40.3410592],[-74.7035848,40.3407469],[-74.7027417,40.3392413],[-74.7024494,40.3387192],[-74.702442,40.338706],[-74.702268,40.338388],[-74.7022457,40.3383451],[-74.702106,40.338076],[-74.7020353,40.3379324],[-74.701951,40.337761],[-74.7018567,40.3375581],[-74.7016899,40.3371989],[-74.7016213,40.3370513],[-74.701447,40.336676],[-74.7013152,40.3364475],[-74.7011251,40.3361179],[-74.7007781,40.3355179],[-74.695153,40.325056],[-74.6845521,40.3048856],[-74.678061,40.309048],[-74.6773615,40.3095306],[-74.6766481,40.3100805],[-74.676178,40.310689],[-74.67585,40.311083],[-74.675562,40.311482],[-74.674906,40.312218],[-74.674362,40.312898],[-74.674094,40.313194],[-74.673511,40.3139],[-74.672935,40.31455],[-74.672137,40.315485],[-74.671628,40.315996],[-74.671407,40.316165],[-74.670683,40.316646],[-74.668403,40.317893],[-74.66666,40.318798],[-74.666267,40.31898],[-74.666024,40.319094],[-74.664972,40.319631],[-74.664066,40.320086],[-74.663215,40.320545],[-74.662358,40.321134],[-74.660943,40.322208],[-74.660323,40.322708],[-74.659783,40.323143],[-74.658168,40.324401],[-74.657517,40.324938],[-74.65643,40.325644],[-74.656025,40.326077],[-74.6554796,40.3266128],[-74.6547225,40.3276],[-74.654614,40.327739],[-74.654399,40.328194],[-74.653708,40.329381],[-74.653131,40.330398],[-74.652856,40.33095],[-74.65243,40.331732],[-74.6523895,40.3318068],[-74.65238,40.331824],[-74.652341,40.331895],[-74.652132,40.332279],[-74.652103,40.332328],[-74.651962,40.332573],[-74.65111,40.33404],[-74.651099,40.334059],[-74.65109,40.334077],[-74.651051,40.334148],[-74.650569,40.335081],[-74.649863,40.336161],[-74.649749,40.336333],[-74.649213,40.337131],[-74.64794,40.338659],[-74.647708,40.338909],[-74.6476388,40.3389839],[-74.647578,40.339049],[-74.647564,40.339065],[-74.647362,40.339283],[-74.646853,40.339763],[-74.645981,40.340356],[-74.64533,40.340781],[-74.644713,40.341123],[-74.644496,40.341196],[-74.643949,40.341378],[-74.643225,40.341516],[-74.643034,40.341541],[-74.641726,40.341708],[-74.641232,40.341771],[-74.640213,40.341884],[-74.639577,40.341924],[-74.637981,40.342097],[-74.637303,40.34215],[-74.6372484,40.342155],[-74.637064,40.342168],[-74.636203,40.342235],[-74.635728,40.342265],[-74.6345,40.342377],[-74.633407,40.342433],[-74.63251,40.342544],[-74.631883,40.342659],[-74.630945,40.342969],[-74.630643,40.343121],[-74.630436,40.343225],[-74.630331,40.343255],[-74.630001,40.343407],[-74.630001,40.343424],[-74.630001,40.343467],[-74.630001,40.343587],[-74.630001,40.343647],[-74.630001,40.343707],[-74.630001,40.343968],[-74.630001,40.344615],[-74.630001,40.344748],[-74.630001,40.344969],[-74.630001,40.345008],[-74.630001,40.345029],[-74.630001,40.345092],[-74.630001,40.345112],[-74.630001,40.345118],[-74.630001,40.34525],[-74.630001,40.345407],[-74.629928,40.345652],[-74.629914,40.345698],[-74.629889,40.345783],[-74.629884,40.345801],[-74.629871,40.345843],[-74.629868,40.345854],[-74.629863,40.345871],[-74.629854,40.3459],[-74.629845,40.345929],[-74.629837,40.345957],[-74.629457,40.347239],[-74.628267,40.351253],[-74.62787,40.35259],[-74.627854,40.352645],[-74.627785,40.352878],[-74.627528,40.353743],[-74.627505,40.353817],[-74.627443,40.354031],[-74.627426,40.354086],[-74.627378,40.354248],[-74.627362,40.354302],[-74.627345,40.354358],[-74.627304,40.354494],[-74.627295,40.354526],[-74.627279,40.354582],[-74.627271,40.354611],[-74.627246,40.354694],[-74.627238,40.354721],[-74.627225,40.354764],[-74.6271951,40.3548608],[-74.627145,40.355035],[-74.627108,40.35516],[-74.627101,40.355182],[-74.627065,40.355302],[-74.626736,40.356413],[-74.626718,40.356474],[-74.626588,40.356912],[-74.626501,40.357206],[-74.626495,40.357239],[-74.626228,40.358606],[-74.625233,40.363706],[-74.6250386,40.3642573],[-74.6250409,40.3647863],[-74.6249978,40.3650781],[-74.624901,40.365406],[-74.624626,40.366094],[-74.624501,40.366406],[-74.623879,40.366605],[-74.622706,40.36698],[-74.62236,40.367091],[-74.622227,40.367134],[-74.62216,40.367155],[-74.622001,40.367206],[-74.621696,40.367731],[-74.6209,40.3691],[-74.620867,40.369161],[-74.620787,40.369312],[-74.62075,40.369383],[-74.62057,40.369759],[-74.62056,40.369869],[-74.620511,40.370004],[-74.6204229,40.3701943],[-74.620339,40.370767],[-74.62033,40.370814],[-74.620295,40.370981],[-74.6202,40.371445],[-74.619778,40.37349],[-74.619673,40.374],[-74.619604,40.374334],[-74.6195908,40.3743939],[-74.619527,40.374545],[-74.61951,40.374583],[-74.619438,40.374654],[-74.619393,40.374698],[-74.619366,40.374724],[-74.619312,40.374777],[-74.619258,40.37483],[-74.619252,40.374859],[-74.619233,40.374875],[-74.61919,40.374912],[-74.619155,40.374921],[-74.619149,40.374928],[-74.619005,40.37511],[-74.618912,40.375267],[-74.618697,40.375601],[-74.61864,40.375693],[-74.618531,40.37587],[-74.618444,40.375998],[-74.618439,40.376006],[-74.618426,40.376024],[-74.618227,40.376289],[-74.617865,40.376801],[-74.617834,40.376861],[-74.617692,40.377133],[-74.617592,40.377324],[-74.617531,40.377523],[-74.617508,40.377596],[-74.617525,40.377862],[-74.617564,40.378003],[-74.617655,40.378227],[-74.617719,40.378422],[-74.617914,40.379139],[-74.618074,40.379515],[-74.618148,40.37969],[-74.618429,40.380116],[-74.618495,40.380217],[-74.618777,40.380552],[-74.618781,40.380556],[-74.618785,40.380561],[-74.618789,40.380566],[-74.618793,40.380571],[-74.618797,40.380576],[-74.618801,40.380581],[-74.618805,40.380586],[-74.618809,40.380591],[-74.618813,40.380596],[-74.618817,40.380601],[-74.618821,40.380606],[-74.619315,40.381196],[-74.6196,40.381522],[-74.620385,40.38242],[-74.621105,40.383187],[-74.621161,40.383247],[-74.621174,40.383263],[-74.621178,40.383267],[-74.621374,40.383496],[-74.621702,40.383745],[-74.621892,40.383876],[-74.622292,40.384077],[-74.622426,40.384144],[-74.622457,40.38416],[-74.622545,40.384211],[-74.622572,40.384227],[-74.622644,40.384283],[-74.622744,40.384421],[-74.622863,40.38446],[-74.623001,40.384506],[-74.623103,40.38454],[-74.623353,40.384623],[-74.623403,40.38464],[-74.623601,40.384706],[-74.624601,40.384961],[-74.62875,40.38602],[-74.628802,40.386033],[-74.629025,40.38609],[-74.629399,40.386186],[-74.630826,40.38655],[-74.631214,40.386649],[-74.63132,40.386676],[-74.631369,40.386689],[-74.631403,40.386698],[-74.631583,40.386744],[-74.6317703,40.3867918],[-74.632179,40.386896],[-74.633977,40.387355],[-74.645039,40.390176],[-74.645444,40.390281],[-74.64555,40.39031],[-74.647372,40.390773],[-74.647502,40.390806],[-74.6511347,40.3917207],[-74.6512414,40.3916913],[-74.6517097,40.391586],[-74.6525401,40.3914001],[-74.6527703,40.39135],[-74.6531704,40.3912726],[-74.6533724,40.3912232],[-74.6536089,40.3911547],[-74.6538259,40.3910924],[-74.654111,40.3910077],[-74.6543904,40.3909211],[-74.6547026,40.3908251],[-74.6549789,40.3907408],[-74.6552634,40.3906544],[-74.6556512,40.3905476],[-74.6561292,40.3904138],[-74.6563443,40.3903506],[-74.6565028,40.3903054],[-74.6570451,40.390142],[-74.6576008,40.389965],[-74.657793,40.3899023],[-74.6581965,40.3897642],[-74.6586261,40.3896104],[-74.6594824,40.3893146],[-74.6602066,40.3890596],[-74.6606743,40.3889156],[-74.6610013,40.3888238],[-74.6613388,40.3887342],[-74.6614118,40.3887152],[-74.6626992,40.3883826],[-74.6628662,40.3883399],[-74.6631315,40.388274],[-74.6633221,40.3882212],[-74.6635641,40.3881485],[-74.6643509,40.387903],[-74.6644823,40.3878606],[-74.6664276,40.3872524],[-74.666524,40.3872236],[-74.6676813,40.3868627],[-74.6679801,40.3867762],[-74.6680686,40.3867504],[-74.6685248,40.3866189],[-74.6690738,40.3864642],[-74.6696374,40.3863028],[-74.6699726,40.3862094],[-74.670269,40.3861311],[-74.6706807,40.3860274],[-74.6709355,40.3859637],[-74.6710585,40.3859281],[-74.6711873,40.3858819],[-74.6713126,40.3858293],[-74.6714035,40.3857881],[-74.6714962,40.3857404],[-74.6715635,40.3857021],[-74.6716432,40.3856517],[-74.6717202,40.3856008],[-74.6717916,40.3855483],[-74.6718777,40.3854793],[-74.6719455,40.385421],[-74.6722169,40.3851683],[-74.672299,40.3850993],[-74.6723856,40.3850333],[-74.67247,40.384976],[-74.6725538,40.3849249],[-74.6726263,40.3848865],[-74.6727059,40.3848498],[-74.672816,40.384804],[-74.6732533,40.3846572],[-74.673727,40.3845045],[-74.6739622,40.3844371],[-74.674083,40.3844021],[-74.6743279,40.3843408],[-74.6745313,40.3842961],[-74.6747678,40.3842502],[-74.6750396,40.3842039],[-74.6752939,40.384169],[-74.6755197,40.3841457],[-74.6761984,40.3840762],[-74.6764287,40.3840485],[-74.6773027,40.3839238],[-74.6774304,40.3839063],[-74.6783436,40.383773],[-74.6786424,40.3837292],[-74.6788992,40.3836882],[-74.679159,40.3836426],[-74.6795667,40.3835664],[-74.6800297,40.383488],[-74.6801909,40.3834664],[-74.6803343,40.3834516],[-74.6805504,40.3834351],[-74.6820438,40.3833445],[-74.6835151,40.3831474],[-74.6839834,40.3830396],[-74.6842708,40.3829714],[-74.684401,40.38295],[-74.6848,40.382884],[-74.685532,40.3828022],[-74.6859038,40.3827679],[-74.6860344,40.3827558],[-74.6869377,40.3826723],[-74.687631,40.382602],[-74.687643,40.382601],[-74.687655,40.3826],[-74.688037,40.382562],[-74.688371,40.382498],[-74.688378,40.382497],[-74.689639,40.382257],[-74.6897575,40.3822277],[-74.689867,40.382211],[-74.690531,40.382075],[-74.690889,40.381975],[-74.6910372,40.3819338],[-74.6911379,40.3819058],[-74.6918159,40.3817492],[-74.6922433,40.3816515],[-74.6924145,40.3816196],[-74.6925485,40.3815985],[-74.6927039,40.3815741],[-74.6929655,40.3815262],[-74.693475,40.381453],[-74.693484,40.381452],[-74.693493,40.381451],[-74.693503,40.38145],[-74.693518,40.381448],[-74.6938596,40.3814042],[-74.694423,40.381332],[-74.695595,40.381129],[-74.69573,40.381103],[-74.6963594,40.3810198],[-74.6969127,40.3809467],[-74.697175,40.380912],[-74.697444,40.380887],[-74.697453,40.380886],[-74.6977514,40.3808576],[-74.69781,40.380852],[-74.6978639,40.3808289],[-74.6979786,40.3808197],[-74.6983226,40.3808105],[-74.6988364,40.3807928],[-74.6995311,40.3807571],[-74.7002678,40.3807064],[-74.7004956,40.3806862],[-74.7007224,40.3806637],[-74.7009032,40.3806393],[-74.701042,40.380615],[-74.7011874,40.3805838],[-74.7013976,40.3805326],[-74.7014598,40.3805176],[-74.7016609,40.3804667],[-74.7019548,40.3803907],[-74.7020026,40.3803776],[-74.7023033,40.3802977],[-74.7028248,40.3801558],[-74.7031815,40.3800609],[-74.7033099,40.3800303],[-74.7041387,40.3798218],[-74.7043617,40.3797657],[-74.7046323,40.3797032],[-74.7054067,40.3795252],[-74.7056094,40.3794793],[-74.7058203,40.3794377],[-74.7060312,40.3794019],[-74.7061284,40.3793862],[-74.7063959,40.3793529],[-74.7066324,40.3793283],[-74.7067505,40.3793172],[-74.7068701,40.3793098],[-74.7069773,40.3793104],[-74.7070642,40.3793162],[-74.7071317,40.3793235],[-74.7071992,40.3793331],[-74.7072714,40.3793459],[-74.7073446,40.3793594],[-74.707413,40.3793732],[-74.7074592,40.3793815],[-74.7075282,40.379392],[-74.707576,40.3793985],[-74.7076316,40.3794024],[-74.707685,40.3794032],[-74.7077399,40.3793964],[-74.7078191,40.379379],[-74.7078695,40.3793647],[-74.7083199,40.3791921],[-74.7083847,40.3791671],[-74.7098261,40.3786166],[-74.7107474,40.3782585],[-74.7108458,40.3782226],[-74.7109944,40.3781761],[-74.7110721,40.3781558],[-74.7111517,40.3781418],[-74.7112289,40.3781301],[-74.7113166,40.3781217],[-74.7114279,40.3781164],[-74.7115056,40.3781167],[-74.7117364,40.3781315],[-74.711824,40.3781404],[-74.711899,40.3781448],[-74.7119862,40.3781508],[-74.7120628,40.3781528],[-74.7121213,40.3781513],[-74.7121792,40.3781483],[-74.7122355,40.378143],[-74.7122984,40.3781362],[-74.7123421,40.3781305],[-74.7123883,40.3781229],[-74.7124383,40.378113],[-74.7124894,40.3781],[-74.7125762,40.3780757],[-74.7126673,40.3780457],[-74.7128108,40.3779949],[-74.7132103,40.377835],[-74.7137512,40.3776184],[-74.7138576,40.3775777],[-74.7139603,40.3775439],[-74.7141283,40.3774961],[-74.7142102,40.377476],[-74.714352,40.3774496],[-74.7144591,40.377432],[-74.7146405,40.3774027],[-74.715074,40.3773358],[-74.7158786,40.3772083],[-74.7163467,40.3771322],[-74.7171393,40.3770027],[-74.7174109,40.3769592],[-74.7175926,40.3769251],[-74.7177417,40.3768943],[-74.7178667,40.3768658],[-74.7178677,40.3768645],[-74.7179449,40.3768465],[-74.7180453,40.3768188],[-74.7182634,40.3767463],[-74.7183698,40.3767095],[-74.7184777,40.3766699],[-74.7185733,40.3766307],[-74.718802,40.3765329],[-74.7191901,40.376366],[-74.7194384,40.3762672],[-74.7199542,40.376071],[-74.7201998,40.3759732],[-74.72049,40.3758579],[-74.7207781,40.3757403],[-74.7213507,40.3755004],[-74.7218041,40.3753118],[-74.7220946,40.375189],[-74.7221037,40.375146],[-74.722104,40.3751449],[-74.7221219,40.3750605]]]}},{"type":"Feature","properties":{"name":"Sea Bright","url":"sea-bright/index.html","eventsKey":"Sea Bright"},"geometry":{"type":"Polygon","coordinates":[[[-73.992048,40.349444],[-73.991818,40.349302],[-73.990172,40.348211],[-73.98833,40.347043],[-73.987379,40.346419],[-73.986468,40.34582],[-73.986281,40.345727],[-73.986219,40.345724],[-73.986065,40.345717],[-73.984951,40.345729],[-73.984321,40.345735],[-73.982201,40.345732],[-73.981812,40.345732],[-73.981119,40.345732],[-73.980708,40.345733],[-73.979636,40.345733],[-73.978924,40.345734],[-73.97783,40.345736],[-73.977728,40.345736],[-73.977536,40.345814],[-73.975733,40.345839],[-73.971881,40.34581],[-73.971981,40.34821],[-73.971381,40.34801],[-73.971081,40.357109],[-73.970981,40.359709],[-73.971025,40.361009],[-73.971041,40.3615],[-73.971379,40.371703],[-73.972179,40.372603],[-73.972778,40.3779],[-73.973077,40.384096],[-73.973576,40.389294],[-73.974176,40.393791],[-73.974875,40.399487],[-73.976626,40.399421],[-73.976984,40.399371],[-73.978357,40.39919],[-73.978288,40.397742],[-73.978173,40.396264],[-73.978173,40.396224],[-73.978167,40.396155],[-73.978094,40.394375],[-73.978009,40.39234],[-73.97788,40.389209],[-73.978102,40.388916],[-73.978097,40.388884],[-73.978058,40.388652],[-73.978038,40.388312],[-73.977824,40.386344],[-73.97757,40.384156],[-73.977528,40.383546],[-73.977499,40.383391],[-73.977457,40.383161],[-73.977386,40.382501],[-73.977195,40.381023],[-73.977089,40.379984],[-73.977033,40.379559],[-73.976967,40.379055],[-73.976838,40.377898],[-73.976681,40.376487],[-73.97664,40.375449],[-73.97664,40.375066],[-73.976562,40.374477],[-73.97641,40.373044],[-73.976354,40.372406],[-73.97631,40.371905],[-73.97617,40.370493],[-73.976141,40.370264],[-73.975962,40.368844],[-73.975887,40.367722],[-73.975782,40.366913],[-73.975726,40.366486],[-73.9755264,40.3662406],[-73.975661,40.366057],[-73.975686,40.365878],[-73.975706,40.365739],[-73.975724,40.365612],[-73.975843,40.365014],[-73.975957,40.364408],[-73.976077,40.363907],[-73.976254,40.363291],[-73.976489,40.362772],[-73.976548,40.362642],[-73.976903,40.361932],[-73.977122,40.361428],[-73.977289,40.361063],[-73.977359,40.3607],[-73.977373,40.360535],[-73.977365,40.360244],[-73.977255,40.359925],[-73.977176,40.359645],[-73.977089,40.359299],[-73.977016,40.358952],[-73.976908,40.358612],[-73.976776,40.358035],[-73.976754,40.357534],[-73.976695,40.357128],[-73.976701,40.356924],[-73.976765,40.356633],[-73.976971,40.356237],[-73.977144,40.356022],[-73.977241,40.355939],[-73.977452,40.355758],[-73.977917,40.355482],[-73.978762,40.355013],[-73.979365,40.354688],[-73.979851,40.354473],[-73.980339,40.354269],[-73.980926,40.354048],[-73.981528,40.353805],[-73.982359,40.353551],[-73.982927,40.353391],[-73.983629,40.353192],[-73.984475,40.352987],[-73.9855,40.352727],[-73.986396,40.352505],[-73.987114,40.352372],[-73.987334,40.352324],[-73.98788,40.352206],[-73.98849,40.352089],[-73.988699,40.35199],[-73.989292,40.351687],[-73.989557,40.351521],[-73.989736,40.351384],[-73.990009,40.351191],[-73.990724,40.350596],[-73.990821,40.350508],[-73.991174,40.350188],[-73.991791,40.349676],[-73.992048,40.349444]]]}},{"type":"Feature","properties":{"name":"Montgomery Township","url":"montgomery/index.html","eventsKey":"Montgomery Township"},"geometry":{"type":"Polygon","coordinates":[[[-74.7520249,40.4313843],[-74.7519188,40.4311835],[-74.7516057,40.4306061],[-74.751462,40.430343],[-74.7514,40.430228],[-74.7511334,40.4297305],[-74.7509991,40.4294813],[-74.7503714,40.4283085],[-74.7502964,40.4281624],[-74.7502257,40.4280281],[-74.7500209,40.4276551],[-74.7498343,40.4273072],[-74.749535,40.426753],[-74.7494566,40.4266055],[-74.7492962,40.4263068],[-74.749284,40.4262845],[-74.749073,40.4258829],[-74.748985,40.425719],[-74.7488958,40.4255584],[-74.7487968,40.4253606],[-74.7486466,40.4250874],[-74.748562,40.4249374],[-74.74841,40.4246456],[-74.7481727,40.4242291],[-74.7410147,40.4113696],[-74.7350175,40.3991308],[-74.7225393,40.376034],[-74.7221208,40.3752611],[-74.7220946,40.375189],[-74.7218041,40.3753118],[-74.7213507,40.3755004],[-74.7207781,40.3757403],[-74.72049,40.3758579],[-74.7201998,40.3759732],[-74.7199542,40.376071],[-74.7194384,40.3762672],[-74.7191901,40.376366],[-74.718802,40.3765329],[-74.7185733,40.3766307],[-74.7184777,40.3766699],[-74.7183698,40.3767095],[-74.7182634,40.3767463],[-74.7180453,40.3768188],[-74.7179449,40.3768465],[-74.7178677,40.3768645],[-74.7178667,40.3768658],[-74.7177417,40.3768943],[-74.7175926,40.3769251],[-74.7174109,40.3769592],[-74.7171393,40.3770027],[-74.7163467,40.3771322],[-74.7158786,40.3772083],[-74.715074,40.3773358],[-74.7146405,40.3774027],[-74.7144591,40.377432],[-74.714352,40.3774496],[-74.7142102,40.377476],[-74.7141283,40.3774961],[-74.7139603,40.3775439],[-74.7138576,40.3775777],[-74.7137512,40.3776184],[-74.7132103,40.377835],[-74.7128108,40.3779949],[-74.7126673,40.3780457],[-74.7125762,40.3780757],[-74.7124894,40.3781],[-74.7124383,40.378113],[-74.7123883,40.3781229],[-74.7123421,40.3781305],[-74.7122984,40.3781362],[-74.7122355,40.378143],[-74.7121792,40.3781483],[-74.7121213,40.3781513],[-74.7120628,40.3781528],[-74.7119862,40.3781508],[-74.711899,40.3781448],[-74.711824,40.3781404],[-74.7117364,40.3781315],[-74.7115056,40.3781167],[-74.7114279,40.3781164],[-74.7113166,40.3781217],[-74.7112289,40.3781301],[-74.7111517,40.3781418],[-74.7110721,40.3781558],[-74.7109944,40.3781761],[-74.7108458,40.3782226],[-74.7107474,40.3782585],[-74.7098261,40.3786166],[-74.7083847,40.3791671],[-74.7083199,40.3791921],[-74.7078695,40.3793647],[-74.7078191,40.379379],[-74.7077399,40.3793964],[-74.707685,40.3794032],[-74.7076316,40.3794024],[-74.707576,40.3793985],[-74.7075282,40.379392],[-74.7074592,40.3793815],[-74.707413,40.3793732],[-74.7073446,40.3793594],[-74.7072714,40.3793459],[-74.7071992,40.3793331],[-74.7071317,40.3793235],[-74.7070642,40.3793162],[-74.7069773,40.3793104],[-74.7068701,40.3793098],[-74.7067505,40.3793172],[-74.7066324,40.3793283],[-74.7063959,40.3793529],[-74.7061284,40.3793862],[-74.7060312,40.3794019],[-74.7058203,40.3794377],[-74.7056094,40.3794793],[-74.7054067,40.3795252],[-74.7046323,40.3797032],[-74.7043617,40.3797657],[-74.7041387,40.3798218],[-74.7033099,40.3800303],[-74.7031815,40.3800609],[-74.7028248,40.3801558],[-74.7023033,40.3802977],[-74.7020026,40.3803776],[-74.7019548,40.3803907],[-74.7016609,40.3804667],[-74.7014598,40.3805176],[-74.7013976,40.3805326],[-74.7011874,40.3805838],[-74.701042,40.380615],[-74.7009032,40.3806393],[-74.7007224,40.3806637],[-74.7004956,40.3806862],[-74.7002678,40.3807064],[-74.6995311,40.3807571],[-74.6988364,40.3807928],[-74.6983226,40.3808105],[-74.6979786,40.3808197],[-74.6978639,40.3808289],[-74.69781,40.380852],[-74.6977514,40.3808576],[-74.697453,40.380886],[-74.697444,40.380887],[-74.697175,40.380912],[-74.6969127,40.3809467],[-74.6963594,40.3810198],[-74.69573,40.381103],[-74.695595,40.381129],[-74.694423,40.381332],[-74.6938596,40.3814042],[-74.693518,40.381448],[-74.693503,40.38145],[-74.693493,40.381451],[-74.693484,40.381452],[-74.693475,40.381453],[-74.6929655,40.3815262],[-74.6927039,40.3815741],[-74.6925485,40.3815985],[-74.6924145,40.3816196],[-74.6922433,40.3816515],[-74.6918159,40.3817492],[-74.6911379,40.3819058],[-74.6910372,40.3819338],[-74.690889,40.381975],[-74.690531,40.382075],[-74.689867,40.382211],[-74.6897575,40.3822277],[-74.689639,40.382257],[-74.688378,40.382497],[-74.688371,40.382498],[-74.688037,40.382562],[-74.687655,40.3826],[-74.687643,40.382601],[-74.687631,40.382602],[-74.6869377,40.3826723],[-74.6860344,40.3827558],[-74.6859038,40.3827679],[-74.685532,40.3828022],[-74.6848,40.382884],[-74.684401,40.38295],[-74.6842708,40.3829714],[-74.6839834,40.3830396],[-74.6835151,40.3831474],[-74.6820438,40.3833445],[-74.6805504,40.3834351],[-74.6803343,40.3834516],[-74.6801909,40.3834664],[-74.6800297,40.383488],[-74.6795667,40.3835664],[-74.679159,40.3836426],[-74.6788992,40.3836882],[-74.6786424,40.3837292],[-74.6783436,40.383773],[-74.6774304,40.3839063],[-74.6773027,40.3839238],[-74.6764287,40.3840485],[-74.6761984,40.3840762],[-74.6755197,40.3841457],[-74.6752939,40.384169],[-74.6750396,40.3842039],[-74.6747678,40.3842502],[-74.6745313,40.3842961],[-74.6743279,40.3843408],[-74.674083,40.3844021],[-74.6739622,40.3844371],[-74.673727,40.3845045],[-74.6732533,40.3846572],[-74.672816,40.384804],[-74.6727059,40.3848498],[-74.6726263,40.3848865],[-74.6725538,40.3849249],[-74.67247,40.384976],[-74.6723856,40.3850333],[-74.672299,40.3850993],[-74.6722169,40.3851683],[-74.6719455,40.385421],[-74.6718777,40.3854793],[-74.6717916,40.3855483],[-74.6717202,40.3856008],[-74.6716432,40.3856517],[-74.6715635,40.3857021],[-74.6714962,40.3857404],[-74.6714035,40.3857881],[-74.6713126,40.3858293],[-74.6711873,40.3858819],[-74.6710585,40.3859281],[-74.6709355,40.3859637],[-74.6706807,40.3860274],[-74.670269,40.3861311],[-74.6699726,40.3862094],[-74.6696374,40.3863028],[-74.6690738,40.3864642],[-74.6685248,40.3866189],[-74.6680686,40.3867504],[-74.6679801,40.3867762],[-74.6676813,40.3868627],[-74.666524,40.3872236],[-74.6664276,40.3872524],[-74.6644823,40.3878606],[-74.6643509,40.387903],[-74.6635641,40.3881485],[-74.6633221,40.3882212],[-74.6631315,40.388274],[-74.6628662,40.3883399],[-74.6626992,40.3883826],[-74.6614118,40.3887152],[-74.6613388,40.3887342],[-74.6610013,40.3888238],[-74.6606743,40.3889156],[-74.6602066,40.3890596],[-74.6594824,40.3893146],[-74.6586261,40.3896104],[-74.6581965,40.3897642],[-74.657793,40.3899023],[-74.6576008,40.389965],[-74.6570451,40.390142],[-74.6565028,40.3903054],[-74.6563443,40.3903506],[-74.6561292,40.3904138],[-74.6556512,40.3905476],[-74.6552634,40.3906544],[-74.6549789,40.3907408],[-74.6547026,40.3908251],[-74.6543904,40.3909211],[-74.654111,40.3910077],[-74.6538259,40.3910924],[-74.6536089,40.3911547],[-74.6533724,40.3912232],[-74.6531704,40.3912726],[-74.6527703,40.39135],[-74.6525401,40.3914001],[-74.6517097,40.391586],[-74.6512414,40.3916913],[-74.6511347,40.3917207],[-74.647502,40.390806],[-74.647372,40.390773],[-74.64555,40.39031],[-74.645444,40.390281],[-74.645039,40.390176],[-74.633977,40.387355],[-74.632179,40.386896],[-74.6317703,40.3867918],[-74.631583,40.386744],[-74.631403,40.386698],[-74.631369,40.386689],[-74.63132,40.386676],[-74.631214,40.386649],[-74.630826,40.38655],[-74.629399,40.386186],[-74.629025,40.38609],[-74.628802,40.386033],[-74.62875,40.38602],[-74.624601,40.384961],[-74.623601,40.384706],[-74.623403,40.38464],[-74.623353,40.384623],[-74.623103,40.38454],[-74.623001,40.384506],[-74.622863,40.38446],[-74.622744,40.384421],[-74.622916,40.384659],[-74.623454,40.385443],[-74.62389,40.386064],[-74.624281,40.386671],[-74.624301,40.386815],[-74.62434,40.387096],[-74.624418,40.388212],[-74.624446,40.388311],[-74.624576,40.388759],[-74.624596,40.388827],[-74.624885,40.388772],[-74.625116,40.388739],[-74.625411,40.388728],[-74.625618,40.388747],[-74.625698,40.388754],[-74.625957,40.388902],[-74.626058,40.389127],[-74.626081,40.389314],[-74.626067,40.389544],[-74.626032,40.38983],[-74.62601,40.390138],[-74.626027,40.390472],[-74.626036,40.390807],[-74.62611,40.39137],[-74.626157,40.391572],[-74.626261,40.392414],[-74.626275,40.392544],[-74.62629,40.392673],[-74.626315,40.392893],[-74.626331,40.393058],[-74.626373,40.393344],[-74.626448,40.393618],[-74.626541,40.393766],[-74.626722,40.394167],[-74.626822,40.394402],[-74.626867,40.394507],[-74.627038,40.395047],[-74.627151,40.395385],[-74.627228,40.395657],[-74.627249,40.395752],[-74.627296,40.395901],[-74.627348,40.396057],[-74.627448,40.396356],[-74.627665,40.397043],[-74.627891,40.39786],[-74.628008,40.398176],[-74.628095,40.398448],[-74.62816,40.398557],[-74.628232,40.398662],[-74.628355,40.398777],[-74.628377,40.398785],[-74.628556,40.398853],[-74.628906,40.399067],[-74.629139,40.399209],[-74.629217,40.399104],[-74.629323,40.399035],[-74.629512,40.398922],[-74.62954,40.398909],[-74.629949,40.398729],[-74.63035,40.398569],[-74.630579,40.398382],[-74.630794,40.398195],[-74.630952,40.39803],[-74.63154,40.397765],[-74.632207,40.397528],[-74.632493,40.397463],[-74.632644,40.397428],[-74.6330212,40.3973436],[-74.633176,40.397312],[-74.633584,40.397207],[-74.6338,40.397102],[-74.634029,40.396981],[-74.634172,40.396865],[-74.63433,40.396678],[-74.634602,40.396457],[-74.634845,40.396276],[-74.635196,40.39605],[-74.63539,40.395973],[-74.635597,40.395797],[-74.635734,40.395632],[-74.635941,40.395434],[-74.636113,40.39534],[-74.636172,40.395319],[-74.636364,40.395251],[-74.636895,40.395042],[-74.637117,40.394942],[-74.637662,40.394672],[-74.637877,40.394458],[-74.638084,40.394287],[-74.6381,40.394272],[-74.638335,40.394044],[-74.63865,40.393885],[-74.638829,40.393846],[-74.639059,40.393807],[-74.639246,40.393829],[-74.639382,40.393889],[-74.639699,40.394009],[-74.640023,40.394162],[-74.640426,40.394359],[-74.641066,40.394687],[-74.641382,40.39484],[-74.641605,40.394862],[-74.641763,40.394839],[-74.641957,40.394784],[-74.642602,40.394508],[-74.643054,40.394326],[-74.643384,40.394237],[-74.643642,40.394185],[-74.643872,40.394159],[-74.644094,40.394148],[-74.644519,40.394175],[-74.645043,40.394234],[-74.645452,40.394321],[-74.645762,40.394419],[-74.645894,40.39447],[-74.64592,40.394438],[-74.646003,40.394468],[-74.650074,40.395389],[-74.650067,40.395411],[-74.647611,40.4026291],[-74.646372,40.40561],[-74.640403,40.407462],[-74.636774,40.407327],[-74.636749,40.407326],[-74.636829,40.407518],[-74.636988,40.407899],[-74.637166,40.408336],[-74.637211,40.408461],[-74.637267,40.408611],[-74.63737,40.408857],[-74.637413,40.409011],[-74.637463,40.409289],[-74.63743,40.409554],[-74.637415,40.409622],[-74.637331,40.410098],[-74.637253,40.410301],[-74.63711,40.410549],[-74.636933,40.410828],[-74.636846,40.410994],[-74.636767,40.411197],[-74.636682,40.411384],[-74.636582,40.411692],[-74.636526,40.411945],[-74.636319,40.412286],[-74.636169,40.412478],[-74.635954,40.412709],[-74.635698,40.41301],[-74.635339,40.413419],[-74.635203,40.413597],[-74.634992,40.413871],[-74.63491,40.41398],[-74.634781,40.414134],[-74.634696,40.414255],[-74.634609,40.414348],[-74.634474,40.414431],[-74.634237,40.414536],[-74.634007,40.414597],[-74.63385,40.414647],[-74.633548,40.414658],[-74.633361,40.414686],[-74.63321,40.414747],[-74.633081,40.414884],[-74.633025,40.414956],[-74.632981,40.415038],[-74.632946,40.415192],[-74.632969,40.415357],[-74.633013,40.415492],[-74.633063,40.415725],[-74.633073,40.415815],[-74.633078,40.415862],[-74.633064,40.415961],[-74.632958,40.416057],[-74.632771,40.416236],[-74.6326,40.416445],[-74.632506,40.416549],[-74.632427,40.416731],[-74.632342,40.416907],[-74.632299,40.417093],[-74.632235,40.417264],[-74.632214,40.417429],[-74.632202,40.417477],[-74.63213,40.417705],[-74.632142,40.41774],[-74.63213,40.418158],[-74.632196,40.418346],[-74.632254,40.418472],[-74.632326,40.418593],[-74.632406,40.418763],[-74.6325,40.418927],[-74.63258,40.419097],[-74.632666,40.419229],[-74.632739,40.419399],[-74.632818,40.419519],[-74.632858,40.419627],[-74.632927,40.419783],[-74.632943,40.41985],[-74.632921,40.420024],[-74.632871,40.42014],[-74.632763,40.420272],[-74.63272,40.420338],[-74.632491,40.420552],[-74.63237,40.420657],[-74.63219,40.420784],[-74.632004,40.420867],[-74.631808,40.420887],[-74.63169,40.420918],[-74.631525,40.420933],[-74.63148,40.4209],[-74.631351,40.420857],[-74.631027,40.420698],[-74.630875,40.420633],[-74.630702,40.420572],[-74.630516,40.420485],[-74.630412,40.420465],[-74.630307,40.420398],[-74.630091,40.420305],[-74.62983,40.420223],[-74.629739,40.420177],[-74.629376,40.419967],[-74.629225,40.41986],[-74.629043,40.419751],[-74.628831,40.419605],[-74.628619,40.419514],[-74.628525,40.419512],[-74.628249,40.419507],[-74.628143,40.41951],[-74.628055,40.419513],[-74.627868,40.419541],[-74.627718,40.419579],[-74.62762,40.419652],[-74.62753,40.419713],[-74.62743,40.41977],[-74.627374,40.419816],[-74.627238,40.419943],[-74.627173,40.420086],[-74.627073,40.420245],[-74.627023,40.420333],[-74.626923,40.420454],[-74.626795,40.420624],[-74.626688,40.420839],[-74.626623,40.420954],[-74.626552,40.421168],[-74.626474,40.421344],[-74.626396,40.421548],[-74.626332,40.421751],[-74.626189,40.422059],[-74.626083,40.422389],[-74.625989,40.422548],[-74.625889,40.422674],[-74.625337,40.423016],[-74.625043,40.423209],[-74.624584,40.423747],[-74.624449,40.424211],[-74.624164,40.425181],[-74.623858,40.426026],[-74.623588,40.427078],[-74.623459,40.427818],[-74.623282,40.428362],[-74.623025,40.428668],[-74.622021,40.429512],[-74.621458,40.43002],[-74.620847,40.430527],[-74.620284,40.430936],[-74.619938,40.431205],[-74.619457,40.431376],[-74.619111,40.431474],[-74.618581,40.431504],[-74.61846,40.43151],[-74.617898,40.431474],[-74.617634,40.431474],[-74.617416,40.431474],[-74.617273,40.431522],[-74.617111,40.431577],[-74.616989,40.431715],[-74.616853,40.432048],[-74.616724,40.432421],[-74.61633,40.433271],[-74.615936,40.434012],[-74.6158109,40.4342572],[-74.61559,40.43469],[-74.615332,40.435265],[-74.615108,40.435876],[-74.615067,40.436415],[-74.615195,40.436855],[-74.615459,40.437125],[-74.615846,40.437296],[-74.616287,40.437296],[-74.617412,40.437058],[-74.61782,40.436995],[-74.618021,40.43698],[-74.618192,40.436991],[-74.618416,40.437059],[-74.618633,40.43723],[-74.618714,40.437468],[-74.618713,40.437739],[-74.618713,40.437774],[-74.618544,40.438141],[-74.6183342,40.438547],[-74.618279,40.438654],[-74.618056,40.438985],[-74.61796,40.439128],[-74.6179504,40.439144],[-74.617947,40.439147],[-74.617892,40.439229],[-74.61782,40.439351],[-74.617546,40.439816],[-74.617026,40.440482],[-74.616107,40.44154],[-74.615544,40.442115],[-74.61515,40.442592],[-74.614675,40.443198],[-74.614153,40.443772],[-74.6138,40.444114],[-74.61306,40.444622],[-74.61245,40.444982],[-74.611453,40.445533],[-74.610584,40.44604],[-74.609627,40.446516],[-74.608671,40.446951],[-74.607979,40.447189],[-74.607833,40.447245],[-74.607746,40.447279],[-74.606589,40.447732],[-74.605772,40.448],[-74.605455,40.448106],[-74.604716,40.448306],[-74.604106,40.448404],[-74.60315,40.448611],[-74.602633,40.448732],[-74.602465,40.448765],[-74.602206,40.448832],[-74.602144,40.448846],[-74.601847,40.448916],[-74.601108,40.449283],[-74.600632,40.449692],[-74.600531,40.449799],[-74.600018,40.450338],[-74.599514,40.450887],[-74.59937,40.451044],[-74.5988,40.45152],[-74.597802,40.452183],[-74.596587,40.452923],[-74.596105,40.453332],[-74.595671,40.453871],[-74.594936,40.455014],[-74.595024,40.455029],[-74.5967634,40.4553229],[-74.597655,40.455507],[-74.600387,40.456071],[-74.600943,40.456179],[-74.6025159,40.4565119],[-74.6027122,40.4565525],[-74.60283,40.4565772],[-74.6040644,40.4568349],[-74.6044751,40.4569161],[-74.6058597,40.4571741],[-74.6064016,40.4572751],[-74.607028,40.4574193],[-74.6076267,40.4575416],[-74.6082411,40.4576814],[-74.6087278,40.4577979],[-74.610577,40.458182],[-74.611381,40.458342],[-74.6129926,40.4586849],[-74.6145825,40.4590049],[-74.6155639,40.4592115],[-74.6157203,40.4592525],[-74.6158323,40.4592865],[-74.6161288,40.4594091],[-74.6164196,40.4595757],[-74.61654,40.4596357],[-74.616841,40.4597632],[-74.6170501,40.4598226],[-74.6189556,40.4602114],[-74.6204625,40.4605394],[-74.6221697,40.4608924],[-74.6235099,40.4611716],[-74.6249893,40.4614673],[-74.625706,40.4616095],[-74.6265525,40.4617837],[-74.6269215,40.4618624],[-74.6271052,40.4618999],[-74.6284566,40.4621682],[-74.6286075,40.4622008],[-74.6292129,40.4623204],[-74.6297119,40.4624316],[-74.6298826,40.4624664],[-74.6300117,40.4624923],[-74.630759,40.462643],[-74.6315557,40.4628346],[-74.6331575,40.4632529],[-74.634531,40.463599],[-74.6360498,40.4639932],[-74.6362416,40.464041],[-74.6367303,40.4641781],[-74.636053,40.465564],[-74.638528,40.466008],[-74.640116,40.466285],[-74.6403051,40.4663198],[-74.641655,40.466568],[-74.6418133,40.4666114],[-74.642819,40.466804],[-74.64472,40.467261],[-74.6459949,40.4675671],[-74.646347,40.467622],[-74.6486114,40.4680952],[-74.6501441,40.4683936],[-74.6524406,40.4688813],[-74.6568282,40.4698583],[-74.6572369,40.4699479],[-74.6577134,40.470052],[-74.6591614,40.470346],[-74.662161,40.4710067],[-74.665188,40.471637],[-74.6760255,40.4706514],[-74.691391,40.469614],[-74.706297,40.468406],[-74.70911,40.459402],[-74.71075,40.453942],[-74.711396,40.451792],[-74.712804,40.447104],[-74.714477,40.442201],[-74.71471,40.44214],[-74.7166649,40.4418548],[-74.7168847,40.4418221],[-74.7170564,40.441771],[-74.7178318,40.4414445],[-74.7179075,40.4414328],[-74.7180052,40.4414355],[-74.7182328,40.4414846],[-74.7184997,40.4415628],[-74.7186838,40.4415985],[-74.7187178,40.4416049],[-74.7189218,40.4416228],[-74.7194899,40.4415742],[-74.720062,40.441498],[-74.7203158,40.4414763],[-74.7224831,40.4412381],[-74.723017,40.441198],[-74.724164,40.441073],[-74.725484,40.440945],[-74.7263214,40.4408707],[-74.728705,40.440635],[-74.729518,40.440559],[-74.733554,40.440134],[-74.7338054,40.4401107],[-74.7346372,40.4400275],[-74.7348535,40.4400047],[-74.736554,40.439817],[-74.737448,40.439723],[-74.7381283,40.4396658],[-74.7382744,40.4396544],[-74.7387401,40.4396444],[-74.7389,40.439641],[-74.7389888,40.4396597],[-74.7390676,40.4397038],[-74.7391581,40.4397651],[-74.7392932,40.4398567],[-74.7393785,40.4397764],[-74.7394753,40.4396978],[-74.7395104,40.4396686],[-74.7395703,40.4396376],[-74.7402204,40.4394324],[-74.7403873,40.4393376],[-74.7411934,40.4387708],[-74.74233,40.438009],[-74.743413,40.437291],[-74.7445,40.436557],[-74.745188,40.436116],[-74.7456611,40.435811],[-74.7458939,40.4356554],[-74.7467994,40.4350491],[-74.7471755,40.4348087],[-74.747861,40.434327],[-74.748113,40.434145],[-74.7484492,40.4339131],[-74.748622,40.4338052],[-74.748862,40.433677],[-74.748937,40.433659],[-74.7520249,40.4313843]]]}},{"type":"Feature","properties":{"name":"Cape May","url":"cape-may/index.html","eventsKey":"Cape May"},"geometry":{"type":"Polygon","coordinates":[[[-74.938801,38.931569],[-74.937512,38.931315],[-74.937265,38.931259],[-74.936677,38.93099],[-74.9358466,38.9308821],[-74.9349846,38.9305395],[-74.9346745,38.9303129],[-74.9345946,38.9301802],[-74.9345931,38.928786],[-74.9345852,38.9286823],[-74.9345642,38.9282283],[-74.9343322,38.9269318],[-74.9337175,38.925465],[-74.9230208,38.9254612],[-74.9161673,38.9256264],[-74.9083373,38.9271438],[-74.9023421,38.9285477],[-74.8913815,38.9321549],[-74.8860621,38.9347387],[-74.8832152,38.9365142],[-74.8787944,38.9378398],[-74.8758182,38.9381603],[-74.8726275,38.9377981],[-74.8705633,38.9375394],[-74.8688037,38.9370337],[-74.8676,38.9366682],[-74.8658962,38.9361825],[-74.8638357,38.936046],[-74.868702,38.94283],[-74.874386,38.949362],[-74.875847,38.951169],[-74.87659,38.952147],[-74.877788,38.952104],[-74.881679,38.951788],[-74.889231,38.950552],[-74.893718,38.949966],[-74.900131,38.948955],[-74.901297,38.948771],[-74.901228,38.948539],[-74.901314,38.948523],[-74.90144,38.948501],[-74.904904,38.947901],[-74.905659,38.948196],[-74.905987,38.948164],[-74.9063986,38.9484292],[-74.9067522,38.9487169],[-74.9071507,38.9489825],[-74.9074231,38.9490362],[-74.9077524,38.9490457],[-74.908377,38.948645],[-74.9088,38.948292],[-74.909469,38.947989],[-74.9102375,38.9478313],[-74.9103962,38.9478253],[-74.9106088,38.9478888],[-74.9114196,38.9481212],[-74.9119381,38.9485314],[-74.912177,38.949423],[-74.912249,38.949397],[-74.912367,38.949388],[-74.912523,38.949375],[-74.912673,38.949418],[-74.912865,38.949524],[-74.913069,38.949438],[-74.913233,38.949246],[-74.913554,38.949077],[-74.913765,38.948967],[-74.913791,38.948668],[-74.913736,38.948444],[-74.913666,38.948049],[-74.913652,38.947815],[-74.913692,38.947718],[-74.913842,38.947622],[-74.914047,38.947622],[-74.914198,38.947685],[-74.914499,38.947834],[-74.914664,38.948015],[-74.915047,38.948057],[-74.915251,38.948057],[-74.915289,38.947796],[-74.915318,38.947619],[-74.915427,38.947395],[-74.91559,38.947234],[-74.915705,38.9471],[-74.915849,38.946956],[-74.916026,38.946753],[-74.916288,38.946545],[-74.916435,38.946325],[-74.916447,38.946122],[-74.916392,38.945898],[-74.916328,38.945579],[-74.916281,38.94529],[-74.916266,38.945098],[-74.916348,38.944949],[-74.916565,38.944585],[-74.916591,38.944567],[-74.916786,38.94444],[-74.917018,38.944301],[-74.917247,38.944178],[-74.917669,38.943906],[-74.917874,38.943793],[-74.918133,38.943557],[-74.918392,38.943301],[-74.918583,38.943237],[-74.919047,38.943075],[-74.919163,38.943014],[-74.919243,38.943032],[-74.919269,38.943056],[-74.919443,38.943215],[-74.924347,38.946753],[-74.92438,38.946794],[-74.925325,38.945309],[-74.925513,38.944837],[-74.925771,38.944781],[-74.925964,38.94428],[-74.925991,38.94421],[-74.924128,38.943086],[-74.921268,38.941346],[-74.921134,38.941264],[-74.921301,38.941232],[-74.921459,38.941213],[-74.921514,38.941159],[-74.921555,38.941095],[-74.921636,38.940914],[-74.921717,38.940668],[-74.921867,38.940604],[-74.921935,38.940561],[-74.922249,38.940443],[-74.922563,38.940378],[-74.92277,38.940308],[-74.923396,38.940077],[-74.923463,38.939906],[-74.923723,38.939756],[-74.923872,38.939723],[-74.924009,38.939692],[-74.924186,38.939531],[-74.924349,38.939307],[-74.924527,38.939168],[-74.92467,38.939127],[-74.925046,38.939145],[-74.925087,38.939081],[-74.925127,38.938942],[-74.925139,38.938483],[-74.925371,38.937971],[-74.925709,38.937223],[-74.925735,38.937009],[-74.92583,38.936699],[-74.925836,38.936676],[-74.925897,38.936443],[-74.925895,38.936027],[-74.92584,38.935749],[-74.925743,38.935408],[-74.925664,38.935154],[-74.925543,38.934765],[-74.9254575,38.9339263],[-74.925793,38.933924],[-74.9258951,38.9339565],[-74.9259469,38.9339731],[-74.928386,38.934551],[-74.9286922,38.9346258],[-74.92943,38.934806],[-74.9297705,38.9348867],[-74.9305247,38.9350626],[-74.93062,38.935088],[-74.9306363,38.9350138],[-74.9306504,38.9349528],[-74.9306693,38.9348533],[-74.9307771,38.9344653],[-74.93079,38.934416],[-74.930996,38.933716],[-74.9311677,38.933168],[-74.9312,38.933046],[-74.9312786,38.9327978],[-74.931513,38.93287],[-74.932506,38.93318],[-74.933431,38.93347],[-74.934013,38.933643],[-74.934156,38.933513],[-74.934248,38.933246],[-74.934374,38.933117],[-74.934455,38.932976],[-74.934619,38.932879],[-74.934843,38.932711],[-74.935525,38.932641],[-74.935638,38.932633],[-74.935646,38.932714],[-74.93565,38.932816],[-74.935773,38.932933],[-74.936093,38.932964],[-74.936673,38.933268],[-74.93693,38.933227],[-74.937126,38.933105],[-74.937238,38.932854],[-74.937599,38.932836],[-74.937785,38.932819],[-74.937856,38.932633],[-74.937834,38.932367],[-74.938234,38.932074],[-74.938768,38.931741],[-74.938801,38.931569]]]}},{"type":"Feature","properties":{"name":"Lubbock","url":"lubbock/index.html","eventsKey":"Lubbock"},"geometry":{"type":"MultiPolygon","coordinates":[[[[-102.032121,33.5863636],[-102.0321196,33.5863457],[-102.0321094,33.5863236],[-102.0320962,33.5863096],[-102.0321007,33.5863061],[-102.0319975,33.5862025],[-102.0319643,33.5861567],[-102.0319361,33.5861087],[-102.0319132,33.5860587],[-102.0318958,33.5860072],[-102.031884,33.5859546],[-102.0318385,33.585509],[-102.0314319,33.5855403],[-102.0313857,33.5851293],[-102.0318471,33.585093],[-102.0318302,33.5778808],[-102.0285999,33.5778795],[-102.0285956,33.5613837],[-102.017693,33.5613963],[-102.0109962,33.561404],[-102.0092368,33.561406],[-101.9919549,33.561426],[-101.991956,33.5546018],[-101.991831,33.5546017],[-101.9918305,33.5541344],[-101.9919561,33.5541344],[-101.9919595,33.5343864],[-101.9916149,33.5343865],[-101.9916163,33.5340992],[-101.9916338,33.5303914],[-101.9916595,33.5251357],[-101.9916334,33.5218328],[-101.9919103,33.5216706],[-101.9918769,33.5198087],[-101.9918297,33.517083],[-101.9918343,33.5142601],[-101.9918287,33.5135089],[-101.991831,33.5125324],[-101.9918937,33.5123408],[-101.9918937,33.5100938],[-101.9918937,33.5086618],[-101.9918937,33.5053486],[-101.9918129,33.5051423],[-101.991809,33.5040132],[-101.9917934,33.4995762],[-101.9917922,33.4994135],[-101.991752,33.490838],[-101.9917519,33.4906314],[-101.9917441,33.4889356],[-101.9917278,33.4852223],[-101.9917302,33.4835021],[-101.9917314,33.4828265],[-101.9917441,33.4759631],[-101.9830477,33.4760003],[-101.9800252,33.4760007],[-101.980024,33.4759591],[-101.9745572,33.4759775],[-101.9745561,33.4741079],[-101.9568913,33.4741519],[-101.9568875,33.4747103],[-101.9568765,33.4747639],[-101.9568557,33.4751536],[-101.9568558,33.4757328],[-101.9568502,33.4757538],[-101.9568331,33.4757785],[-101.956807,33.475797],[-101.9567749,33.4758068],[-101.9530936,33.4758115],[-101.953088,33.4741346],[-101.953098,33.4614402],[-101.9531638,33.46144],[-101.9531573,33.4596261],[-101.9394082,33.4596627],[-101.9393779,33.4612507],[-101.9393707,33.461279],[-101.9393525,33.4613037],[-101.9393253,33.4613217],[-101.9392925,33.4613309],[-101.930919,33.46141],[-101.9309188,33.4615534],[-101.9266602,33.4615952],[-101.9266634,33.4626004],[-101.9309189,33.4625572],[-101.9309176,33.4671214],[-101.9224002,33.4672104],[-101.9223973,33.4662698],[-101.9264846,33.4662271],[-101.9264832,33.4657822],[-101.9238383,33.4658102],[-101.9238423,33.4653499],[-101.9242415,33.4653459],[-101.9242392,33.4646135],[-101.9230647,33.4646245],[-101.9230629,33.4639977],[-101.9223903,33.4640044],[-101.9223823,33.4616123],[-101.9223801,33.4609692],[-101.9223779,33.4603013],[-101.9223772,33.4598207],[-101.9208843,33.459824],[-101.9208853,33.4602123],[-101.9221161,33.460209],[-101.9221204,33.4615561],[-101.9199522,33.4615597],[-101.9199289,33.4605359],[-101.9203042,33.4603116],[-101.9203038,33.4598228],[-101.9196579,33.4598244],[-101.9196582,33.4603176],[-101.9198961,33.4605421],[-101.9199178,33.4615598],[-101.9176094,33.4615635],[-101.9176056,33.4598253],[-101.9169497,33.4598263],[-101.9169535,33.4615646],[-101.9162978,33.4615656],[-101.916286,33.4570028],[-101.916277,33.4535302],[-101.916276,33.4531287],[-101.9162574,33.4525666],[-101.916267,33.4496604],[-101.9142336,33.4496612],[-101.91423,33.4478552],[-101.9074697,33.4478625],[-101.9074724,33.4496187],[-101.9048911,33.4496358],[-101.9049236,33.4571124],[-101.900425,33.4571293],[-101.8962588,33.4571449],[-101.8962598,33.4598587],[-101.8961197,33.4598586],[-101.8961223,33.4614939],[-101.8961194,33.461508],[-101.8961108,33.4615204],[-101.8960978,33.4615296],[-101.8960775,33.461535],[-101.8899676,33.461538],[-101.8876034,33.4615445],[-101.8876034,33.4615344],[-101.8791765,33.4615319],[-101.8791431,33.4615247],[-101.8791148,33.4615083],[-101.8790951,33.4614846],[-101.8790866,33.4614566],[-101.8790808,33.4599061],[-101.8789505,33.4599063],[-101.8789484,33.4616331],[-101.8773595,33.4616297],[-101.877359,33.4598844],[-101.8757606,33.459881],[-101.875761,33.4616262],[-101.8744461,33.4616234],[-101.8744457,33.4598782],[-101.8731308,33.4598784],[-101.8731311,33.4616206],[-101.8704324,33.4616147],[-101.8704306,33.4598761],[-101.8617152,33.4599135],[-101.861715,33.4617308],[-101.8531459,33.4617677],[-101.8531987,33.4763962],[-101.859103,33.4764215],[-101.8704695,33.4763759],[-101.8704706,33.4763329],[-101.8726736,33.476334],[-101.875923,33.4763356],[-101.8758957,33.4819091],[-101.8758886,33.4834757],[-101.8789612,33.4834743],[-101.878958,33.486198],[-101.8789557,33.4890081],[-101.8705046,33.4890108],[-101.8702129,33.4889728],[-101.8681589,33.488966],[-101.8681478,33.4906541],[-101.868147,33.4907831],[-101.8681971,33.4943435],[-101.8682016,33.4966233],[-101.8662346,33.4966235],[-101.866236,33.4980053],[-101.861736,33.4980086],[-101.8617335,33.5016355],[-101.8532503,33.5016328],[-101.8532646,33.4980372],[-101.8443079,33.4980415],[-101.8432179,33.498042],[-101.8432055,33.5063194],[-101.8442166,33.5063179],[-101.8453295,33.5062557],[-101.8467175,33.5062563],[-101.846718,33.5054286],[-101.8525648,33.5054321],[-101.852577,33.5193785],[-101.8434868,33.5193711],[-101.8434866,33.5192566],[-101.8435241,33.5178412],[-101.8416851,33.5178807],[-101.8416711,33.5193793],[-101.8357529,33.5193852],[-101.8342417,33.5193836],[-101.8342172,33.5193839],[-101.8340459,33.5193844],[-101.8340184,33.5193847],[-101.818463,33.5193735],[-101.8184628,33.5192276],[-101.7801344,33.519597],[-101.7688438,33.5136161],[-101.7680098,33.514782],[-101.7695304,33.5156281],[-101.7700094,33.5159042],[-101.7704797,33.5161906],[-101.770941,33.5164872],[-101.7718946,33.5171674],[-101.7727926,33.5178988],[-101.7736312,33.5186781],[-101.7801682,33.525258],[-101.7830358,33.5281682],[-101.7830844,33.5344913],[-101.7749244,33.53457],[-101.7750172,33.5418251],[-101.783189,33.5417503],[-101.7832844,33.5487294],[-101.7832769,33.5792573],[-101.7804742,33.5815712],[-101.7832775,33.5815707],[-101.7833844,33.5854883],[-101.7834785,33.5889253],[-101.7831735,33.5907339],[-101.7832799,33.5924974],[-101.7832578,33.5927179],[-101.7832592,33.5933185],[-101.7832603,33.5933937],[-101.7832601,33.5936888],[-101.7832609,33.5937653],[-101.7832757,33.597359],[-101.7832825,33.6047813],[-101.780461,33.607084],[-101.780429,33.6071156],[-101.7769733,33.6071419],[-101.7763978,33.6071167],[-101.7750767,33.6071252],[-101.7718068,33.6071463],[-101.7694641,33.6071613],[-101.7664742,33.6071806],[-101.7664733,33.6070432],[-101.7552259,33.6071192],[-101.7546568,33.6071231],[-101.7490053,33.6071613],[-101.7490636,33.6163459],[-101.7492914,33.6163446],[-101.7497631,33.6163421],[-101.7665598,33.61625],[-101.7666157,33.6234997],[-101.7834699,33.6234001],[-101.7836214,33.6379412],[-101.7928368,33.6378627],[-101.8009564,33.6377935],[-101.8010557,33.650665],[-101.8021221,33.6506602],[-101.8017914,33.6509384],[-101.8017986,33.6523383],[-101.8016624,33.6523376],[-101.8017284,33.6596885],[-101.7843828,33.6597838],[-101.7844267,33.6650702],[-101.7930049,33.6650233],[-101.7930631,33.6723738],[-101.8008416,33.6723661],[-101.8008379,33.6711176],[-101.8015877,33.671116],[-101.8015355,33.6649719],[-101.8190661,33.664873],[-101.8191857,33.6794689],[-101.8193188,33.6794682],[-101.8193358,33.6817557],[-101.8198765,33.6817557],[-101.819876,33.6823854],[-101.8193427,33.6823851],[-101.8193721,33.6859883],[-101.8198713,33.6859851],[-101.8198779,33.6867216],[-101.8192104,33.6867258],[-101.8192529,33.6938376],[-101.8191498,33.6938382],[-101.8192288,33.6982038],[-101.8192456,33.6982037],[-101.8193189,33.703955],[-101.8279905,33.7039137],[-101.8280383,33.7084054],[-101.8280336,33.7084347],[-101.8346645,33.7084288],[-101.8366814,33.708406],[-101.8367501,33.7084052],[-101.8390035,33.7083951],[-101.8405163,33.7083884],[-101.843754,33.708374],[-101.8542499,33.7082825],[-101.8541561,33.6998662],[-101.8539766,33.6998675],[-101.8539895,33.7010758],[-101.8496556,33.7011026],[-101.849585,33.6939619],[-101.8518871,33.6939487],[-101.8522165,33.6939743],[-101.8539132,33.693961],[-101.8539636,33.6986586],[-101.8541458,33.6986573],[-101.8541007,33.6934682],[-101.8540591,33.6885946],[-101.8539806,33.6793209],[-101.8548302,33.6793241],[-101.8576229,33.6793206],[-101.8623122,33.6793203],[-101.8622869,33.6647746],[-101.8538874,33.6647804],[-101.853557,33.6639205],[-101.8534227,33.6635336],[-101.8533277,33.6631386],[-101.8532726,33.6627384],[-101.8532579,33.6623358],[-101.853278,33.6533123],[-101.853303,33.6528619],[-101.8533755,33.6524152],[-101.8534951,33.6519755],[-101.8536607,33.6515465],[-101.8543354,33.6501962],[-101.8549286,33.6489188],[-101.8553851,33.6476027],[-101.8557011,33.6462581],[-101.8558744,33.6448954],[-101.8559035,33.6435253],[-101.8685328,33.6434347],[-101.8706516,33.643483],[-101.8709133,33.6433278],[-101.8884384,33.6433508],[-101.8882912,33.6293687],[-101.901381,33.6293735],[-101.9013926,33.6286864],[-101.9052662,33.6287009],[-101.905263,33.6272364],[-101.9091384,33.6272339],[-101.90914,33.6256411],[-101.9100346,33.6244887],[-101.9159167,33.6276753],[-101.9169426,33.6276683],[-101.9169506,33.6285862],[-101.9225081,33.6285916],[-101.9225096,33.6296006],[-101.9225094,33.6296437],[-101.922511,33.6306898],[-101.9225121,33.6313736],[-101.9225124,33.631502],[-101.9225139,33.6325608],[-101.9219906,33.6332388],[-101.9281368,33.6361972],[-101.92867,33.6355363],[-101.9295845,33.6356799],[-101.9295883,33.6359446],[-101.9322774,33.6359418],[-101.9322786,33.6348983],[-101.9322801,33.6338847],[-101.9322815,33.6332721],[-101.9330535,33.633273],[-101.9330504,33.6348748],[-101.9330496,33.6357127],[-101.9396284,33.6357151],[-101.9400623,33.6357153],[-101.9400716,33.6355519],[-101.9467173,33.6355517],[-101.9569799,33.6355513],[-101.9569808,33.6279055],[-101.956981,33.6272667],[-101.9560516,33.6272671],[-101.9466315,33.6272706],[-101.9466203,33.6214839],[-101.9466202,33.6213182],[-101.9444186,33.6213178],[-101.9444188,33.6211662],[-101.9420119,33.6211691],[-101.9420142,33.6162359],[-101.9415215,33.6162357],[-101.9415234,33.6149945],[-101.9411603,33.6149943],[-101.9411612,33.6140599],[-101.9444272,33.614062],[-101.9444328,33.6151044],[-101.9458013,33.6150983],[-101.9458,33.6130738],[-101.9474482,33.6130718],[-101.9474566,33.6140467],[-101.9483329,33.6140419],[-101.9483311,33.6150957],[-101.9534206,33.6151017],[-101.9569826,33.6150871],[-101.957051,33.6150871],[-101.9610233,33.615085],[-101.9610131,33.6049766],[-101.9576597,33.6049778],[-101.957648,33.5931201],[-101.9658248,33.5931107],[-101.9658263,33.5940872],[-101.9746812,33.594077],[-101.9746802,33.5937361],[-101.9773065,33.5937277],[-101.9773063,33.5936625],[-101.9788342,33.5936587],[-101.9788358,33.5940748],[-101.9918447,33.5940593],[-102.0178462,33.5940282],[-102.0178382,33.5923518],[-102.0266512,33.5923424],[-102.0266314,33.5851397],[-102.0293104,33.5851144],[-102.0296299,33.585596],[-102.0300698,33.5861439],[-102.0301606,33.586111],[-102.0303093,33.5859816],[-102.0302989,33.5858732],[-102.0304367,33.5858238],[-102.0305174,33.5859056],[-102.0309082,33.5862432],[-102.0311236,33.5864509],[-102.0315042,33.586871],[-102.0315198,33.5868842],[-102.031546,33.5868953],[-102.0315676,33.5868982],[-102.0315894,33.5868962],[-102.0316097,33.5868895],[-102.0316272,33.5868784],[-102.0318889,33.5866202],[-102.0321034,33.586402],[-102.0321169,33.5863811],[-102.032121,33.5863636]],[[-101.9917714,33.5487512],[-101.9917663,33.5525211],[-101.9916564,33.5525211],[-101.9904115,33.5525206],[-101.9904139,33.5548717],[-101.9917682,33.5548709],[-101.9917683,33.5549621],[-101.9917692,33.556017],[-101.9903207,33.5560178],[-101.9874201,33.5560194],[-101.9874121,33.5488692],[-101.9874128,33.5487554],[-101.9891684,33.5487537],[-101.9917714,33.5487512]],[[-101.9881041,33.537073],[-101.986671,33.5370735],[-101.9866687,33.5342505],[-101.9881017,33.5342477],[-101.9881041,33.537073]],[[-101.985238,33.5370741],[-101.9845215,33.5370743],[-101.9845192,33.5342491],[-101.9852357,33.5342488],[-101.985238,33.5370741]],[[-101.9830904,33.5594217],[-101.9810636,33.559413],[-101.9810605,33.5560201],[-101.9830871,33.5560216],[-101.9830904,33.5594217]],[[-101.9814774,33.5352876],[-101.9765805,33.5352947],[-101.97658,33.5342584],[-101.9814757,33.5342518],[-101.9814774,33.5352876]],[[-101.9808718,33.5614639],[-101.9765924,33.5614652],[-101.9765913,33.5601686],[-101.9808717,33.5613198],[-101.9808718,33.5614639]],[[-101.9483291,33.4715006],[-101.9483291,33.4758842],[-101.9449938,33.4758889],[-101.9449938,33.4741849],[-101.9438491,33.4741865],[-101.9438493,33.4715076],[-101.9483291,33.4715006]],[[-101.9432184,33.6314161],[-101.9400656,33.6314205],[-101.9400643,33.630794],[-101.9432171,33.6307896],[-101.9432184,33.6314161]],[[-101.9432043,33.624525],[-101.9400512,33.6245294],[-101.9400499,33.623903],[-101.943203,33.6238985],[-101.9432043,33.624525]],[[-101.9417512,33.4614951],[-101.9417504,33.4659357],[-101.9395701,33.4659357],[-101.9395704,33.4645756],[-101.9397504,33.4645755],[-101.9397508,33.4623081],[-101.939575,33.4623082],[-101.939587,33.4615008],[-101.9417512,33.4614951]],[[-101.9417489,33.4731825],[-101.9397477,33.4731827],[-101.9397489,33.4725363],[-101.9397156,33.4725363],[-101.9397151,33.4722752],[-101.9395849,33.4722752],[-101.9395845,33.4720236],[-101.9409191,33.4720237],[-101.9409194,33.4722755],[-101.9417484,33.4722757],[-101.9417489,33.4731825]],[[-101.9405676,33.4709154],[-101.9405676,33.4713001],[-101.9397491,33.4713004],[-101.9397487,33.4709157],[-101.9405676,33.4709154]],[[-101.9396643,33.6262989],[-101.9367556,33.6263032],[-101.9367472,33.6230652],[-101.9327871,33.6230709],[-101.9327838,33.6217655],[-101.9396523,33.6217576],[-101.9396572,33.6236106],[-101.9382118,33.6236127],[-101.9382146,33.624691],[-101.9396601,33.6246889],[-101.9396611,33.6250897],[-101.9387071,33.6250911],[-101.9387093,33.6259156],[-101.9396633,33.6259142],[-101.9396643,33.6262989]],[[-101.9394596,33.4837261],[-101.9384921,33.4837354],[-101.9384981,33.4841916],[-101.935321,33.4842222],[-101.9353089,33.4833166],[-101.9394574,33.4832779],[-101.9394596,33.4837261]],[[-101.9394169,33.4741967],[-101.9363668,33.4742261],[-101.9363929,33.4758748],[-101.9354122,33.4758842],[-101.93536,33.4758418],[-101.9353401,33.4743407],[-101.9353328,33.474307],[-101.9353185,33.474275],[-101.9352979,33.4742455],[-101.9352714,33.4742195],[-101.9352398,33.4741978],[-101.9352043,33.4741811],[-101.9351658,33.4741697],[-101.9351255,33.4741642],[-101.9351251,33.4733176],[-101.9341068,33.4733273],[-101.9341073,33.4741698],[-101.9329263,33.4741774],[-101.9328148,33.4741761],[-101.9327035,33.4741702],[-101.9325927,33.4741595],[-101.9325808,33.4733399],[-101.9321215,33.4733445],[-101.932132,33.4740686],[-101.9318811,33.4740121],[-101.9316922,33.4739763],[-101.9315004,33.4739534],[-101.9313071,33.4739436],[-101.9310929,33.4739434],[-101.9310437,33.4739022],[-101.931043,33.4732523],[-101.93212,33.4732414],[-101.932109,33.4725022],[-101.9330787,33.4724935],[-101.9330783,33.4724386],[-101.9394156,33.4723811],[-101.9394169,33.4741967]],[[-101.9393964,33.4689096],[-101.9393956,33.4705708],[-101.9380201,33.4705827],[-101.9380189,33.4722849],[-101.937421,33.4722895],[-101.9374222,33.4705873],[-101.9380115,33.4705839],[-101.9380201,33.4705743],[-101.9380221,33.4688806],[-101.9393472,33.4688688],[-101.9393639,33.4688713],[-101.9393818,33.4688807],[-101.9393933,33.4688956],[-101.9393964,33.4689096]],[[-101.938698,33.483175],[-101.9379389,33.483182],[-101.9379272,33.480595],[-101.9386859,33.480588],[-101.938698,33.483175]],[[-101.937173,33.4816362],[-101.9364142,33.4816432],[-101.9364209,33.483196],[-101.9356618,33.483203],[-101.935651,33.480616],[-101.9341336,33.4806299],[-101.9341437,33.4832169],[-101.9333847,33.4832239],[-101.9333808,33.4821886],[-101.9326218,33.4821955],[-101.9326241,33.4828186],[-101.9318651,33.4828256],[-101.9318655,33.4829394],[-101.9311073,33.4829429],[-101.9310985,33.4806578],[-101.9316716,33.4806525],[-101.9316679,33.4796184],[-101.9367844,33.479569],[-101.9367881,33.4806055],[-101.9371685,33.480602],[-101.937173,33.4816362]],[[-101.9369055,33.4794029],[-101.9329927,33.4794407],[-101.932989,33.4784067],[-101.9325299,33.4784112],[-101.9325336,33.4794451],[-101.931143,33.4794585],[-101.9310933,33.4794174],[-101.9310861,33.4762813],[-101.9310886,33.4762669],[-101.9310999,33.4762515],[-101.9311181,33.4762415],[-101.9311351,33.4762389],[-101.936475,33.4761895],[-101.9364855,33.4783582],[-101.9364876,33.4786581],[-101.9369023,33.4786541],[-101.9369055,33.4794029]],[[-101.9368572,33.4688909],[-101.9368549,33.4705917],[-101.9356899,33.470602],[-101.9356922,33.4689012],[-101.9368572,33.4688909]],[[-101.9351534,33.4750664],[-101.9341259,33.4750758],[-101.9341107,33.474337],[-101.9350913,33.474328],[-101.9351444,33.4743656],[-101.9351534,33.4750664]],[[-101.9331966,33.488785],[-101.9244936,33.4888589],[-101.9244877,33.4863484],[-101.9233082,33.4863582],[-101.9232748,33.4795898],[-101.9308351,33.4795165],[-101.9308466,33.4842638],[-101.9309775,33.4842639],[-101.9309877,33.4882963],[-101.9331957,33.4882771],[-101.9331966,33.488785]],[[-101.9331055,33.4759097],[-101.9311647,33.4759285],[-101.9310662,33.475847],[-101.931066,33.4756546],[-101.9310453,33.4752425],[-101.931044,33.4741495],[-101.9310931,33.4741082],[-101.9314057,33.4741122],[-101.9315536,33.4741247],[-101.9317002,33.4741456],[-101.9317139,33.4750986],[-101.9321468,33.4750944],[-101.9321345,33.4742399],[-101.9322899,33.474275],[-101.9325033,33.4743142],[-101.9327201,33.474337],[-101.9329385,33.4743431],[-101.9331036,33.474343],[-101.9331055,33.4759097]],[[-101.9321945,33.470633],[-101.932193,33.4723351],[-101.9310776,33.4723441],[-101.9310607,33.4723416],[-101.9310428,33.472332],[-101.931033,33.4723202],[-101.9310284,33.4723028],[-101.9310295,33.4706433],[-101.9321945,33.470633]],[[-101.9308424,33.4762319],[-101.930833,33.479439],[-101.9251606,33.4795165],[-101.9273465,33.4762464],[-101.9294845,33.4762375],[-101.9308424,33.4762319]],[[-101.9221287,33.4634771],[-101.9185125,33.4634831],[-101.9185072,33.4616691],[-101.9221229,33.4616632],[-101.9221287,33.4634771]],[[-101.8789545,33.4671448],[-101.8780899,33.4671449],[-101.8780904,33.4680516],[-101.8704297,33.4680518],[-101.8704301,33.4671451],[-101.8724759,33.4671451],[-101.8724753,33.4660128],[-101.8717817,33.4660132],[-101.8717822,33.4669724],[-101.8703973,33.4669773],[-101.8703977,33.466014],[-101.8702993,33.466014],[-101.8702982,33.4690695],[-101.8673509,33.4690793],[-101.8673502,33.4642177],[-101.8702999,33.4642185],[-101.8703006,33.4623601],[-101.8723537,33.4623589],[-101.8723474,33.4617166],[-101.8789509,33.4617125],[-101.8789545,33.4671448]],[[-101.8588608,33.4749885],[-101.8588607,33.476187],[-101.8582048,33.4761867],[-101.8582049,33.4749882],[-101.8588608,33.4749885]],[[-101.8536028,33.6791947],[-101.8489769,33.6792038],[-101.8420734,33.6792174],[-101.8420688,33.6779316],[-101.8472247,33.6779203],[-101.8474886,33.6772425],[-101.847677,33.6765474],[-101.8477883,33.6758407],[-101.8478215,33.6751285],[-101.8477764,33.6744167],[-101.847591,33.6728241],[-101.8417833,33.6728631],[-101.8418115,33.6792179],[-101.8368028,33.6792274],[-101.8365763,33.6758478],[-101.836556,33.6738002],[-101.8366774,33.6727001],[-101.8366615,33.6712998],[-101.8365233,33.6702354],[-101.8365194,33.6698106],[-101.8377076,33.6698019],[-101.8377322,33.6728824],[-101.8387265,33.6728835],[-101.838681,33.6688026],[-101.8391594,33.6687991],[-101.8391521,33.6680181],[-101.8386723,33.6680256],[-101.8393353,33.6649079],[-101.8393302,33.6635344],[-101.8371437,33.6635393],[-101.8371373,33.6615032],[-101.8373829,33.6584113],[-101.8373409,33.6576844],[-101.8378225,33.657682],[-101.8377765,33.6514188],[-101.838368,33.6514186],[-101.8383619,33.6505941],[-101.8528949,33.6505883],[-101.8528607,33.664807],[-101.8534961,33.6648056],[-101.8536028,33.6791947]],[[-101.8459305,33.692749],[-101.8453996,33.693902],[-101.8454002,33.6940944],[-101.8452564,33.6940947],[-101.8452672,33.6951382],[-101.8387561,33.6951502],[-101.8383579,33.6959621],[-101.8377641,33.6939181],[-101.8377635,33.6937257],[-101.8377751,33.6937257],[-101.8377751,33.693716],[-101.837689,33.6934328],[-101.8372982,33.6925383],[-101.8368937,33.6915012],[-101.836577,33.690443],[-101.836348,33.6893631],[-101.8363331,33.6885438],[-101.8363258,33.6885439],[-101.8362933,33.6847813],[-101.8365997,33.6825555],[-101.8392027,33.6825473],[-101.8392005,33.6818122],[-101.8447955,33.6817941],[-101.8442902,33.6828214],[-101.8445933,33.6829257],[-101.8432179,33.6857215],[-101.8433678,33.685773],[-101.8394566,33.6937222],[-101.8431968,33.6937143],[-101.8435468,33.692954],[-101.8440074,33.6929526],[-101.8448938,33.6927522],[-101.845862,33.6927492],[-101.8459305,33.692749]],[[-101.8384916,33.6795184],[-101.8384523,33.680081],[-101.8367758,33.6800842],[-101.8368057,33.6795299],[-101.8384916,33.6795184]]],[[[-101.9569546,33.6213397],[-101.9569539,33.6212746],[-101.9569487,33.6183385],[-101.9535917,33.6183383],[-101.9535929,33.6213436],[-101.9569546,33.6213397]]]]}},{"type":"Feature","properties":{"name":"Manhattan","url":"manhattan/index.html","eventsKey":"Manhattan"},"geometry":{"type":"MultiPolygon","coordinates":[[[[-74.0472219,40.6908633],[-74.0472201,40.6908408],[-74.0472123,40.6908169],[-74.0472028,40.6907986],[-74.047146,40.690714],[-74.0470351,40.6906098],[-74.0470244,40.6905703],[-74.0470101,40.6905177],[-74.0471319,40.6904559],[-74.0471981,40.6904236],[-74.0469401,40.6901196],[-74.0468962,40.6900682],[-74.046845,40.6900082],[-74.0467971,40.6899522],[-74.046752,40.6898984],[-74.0462749,40.6893396],[-74.045357,40.6888833],[-74.0453632,40.6888759],[-74.0453147,40.6888513],[-74.0453031,40.6888646],[-74.0447779,40.6885981],[-74.0443758,40.6885252],[-74.0441445,40.6885605],[-74.0439725,40.6885868],[-74.0436327,40.688777],[-74.0435113,40.689208],[-74.043465,40.6896421],[-74.04347,40.6896489],[-74.0434871,40.6896706],[-74.0435049,40.6896932],[-74.0438883,40.6901864],[-74.0445985,40.6905663],[-74.0458907,40.6910753],[-74.0459271,40.6910896],[-74.0459617,40.6911024],[-74.0459898,40.6911115],[-74.0460174,40.6911182],[-74.0460458,40.6911231],[-74.0460787,40.6911267],[-74.0461132,40.691129],[-74.0461245,40.6911292],[-74.0461524,40.6911293],[-74.0461778,40.691104],[-74.0469829,40.6910489],[-74.0470212,40.6910442],[-74.0470605,40.6910372],[-74.0470937,40.6910277],[-74.0471232,40.6910138],[-74.0471496,40.6909979],[-74.0471724,40.6909803],[-74.047189,40.690962],[-74.0472041,40.6909398],[-74.0472133,40.690917],[-74.0472209,40.6908892],[-74.0472219,40.6908633]]],[[[-74.0407472,40.7001669],[-74.0407397,40.7001311],[-74.0407248,40.7001055],[-74.0407192,40.7000956],[-74.0407023,40.7000713],[-74.0406912,40.70005],[-74.0406874,40.70001],[-74.0406837,40.699983],[-74.0406744,40.6999616],[-74.0406744,40.6999346],[-74.0406631,40.6999075],[-74.0406443,40.6998832],[-74.0406237,40.6998605],[-74.0406154,40.6998284],[-74.0406173,40.6998026],[-74.0406117,40.6997657],[-74.0406004,40.6997386],[-74.0405779,40.69971],[-74.0405535,40.6996801],[-74.0405311,40.6996573],[-74.0405124,40.6996274],[-74.0404842,40.6995945],[-74.0404702,40.6995581],[-74.0404664,40.6995282],[-74.0404666,40.6994927],[-74.0404553,40.6994669],[-74.0404384,40.6994384],[-74.0404262,40.6994134],[-74.0404019,40.6993934],[-74.0403511,40.6993749],[-74.0403156,40.699365],[-74.040278,40.6993506],[-74.0402425,40.6993335],[-74.0402106,40.699315],[-74.0401899,40.6992778],[-74.0401899,40.6992451],[-74.0401863,40.6992152],[-74.040158,40.6991965],[-74.0400698,40.6991722],[-74.03998,40.6991236],[-74.0399479,40.6990979],[-74.0398992,40.699068],[-74.0398618,40.6990423],[-74.0398149,40.6990109],[-74.0397962,40.6989767],[-74.039798,40.6989367],[-74.0398243,40.6989111],[-74.0398682,40.6988933],[-74.0399097,40.6988835],[-74.0399512,40.6988816],[-74.0399861,40.6988865],[-74.0400282,40.6988979],[-74.0400437,40.6989027],[-74.0400595,40.6989072],[-74.0400963,40.6989342],[-74.0401454,40.6988975],[-74.0401502,40.6989014],[-74.040215,40.6988538],[-74.0402387,40.6988362],[-74.040234,40.6988328],[-74.0400782,40.6987147],[-74.0399309,40.6985897],[-74.0396695,40.6987755],[-74.0396471,40.69879],[-74.0396316,40.6987899],[-74.0395853,40.6987904],[-74.0395382,40.6987875],[-74.0395083,40.6987803],[-74.0394876,40.6987775],[-74.0394688,40.6987519],[-74.0394385,40.6987394],[-74.0394115,40.6987374],[-74.0393763,40.6987314],[-74.0393648,40.6987087],[-74.0393415,40.6986841],[-74.0393171,40.6986648],[-74.039285,40.6986319],[-74.0392448,40.6986141],[-74.0392054,40.698604],[-74.0391679,40.6985954],[-74.0391153,40.6985924],[-74.039061,40.6985967],[-74.0390065,40.6985937],[-74.0389596,40.6985951],[-74.0389252,40.698607],[-74.0388788,40.6986109],[-74.0388273,40.6986241],[-74.0387796,40.698636],[-74.038744,40.6986371],[-74.0387123,40.698654],[-74.0386807,40.69866],[-74.0386528,40.6986628],[-74.0386342,40.698667],[-74.0386211,40.6986713],[-74.0386028,40.6986769],[-74.038623,40.6986979],[-74.0386064,40.6987175],[-74.0385693,40.6987301],[-74.0385269,40.6987117],[-74.0385048,40.698702],[-74.038477,40.6986908],[-74.0384529,40.6986809],[-74.0384197,40.6986655],[-74.0383919,40.6986656],[-74.0383723,40.6986686],[-74.0383683,40.6986866],[-74.0383801,40.6987135],[-74.038396,40.6987285],[-74.0384116,40.6987557],[-74.0384355,40.6987917],[-74.0384551,40.6988247],[-74.0384669,40.6988698],[-74.0384629,40.6989239],[-74.0384589,40.6989808],[-74.0384668,40.6990169],[-74.0384982,40.699074],[-74.0384936,40.6991151],[-74.0385101,40.6991469],[-74.0385329,40.6991722],[-74.038561,40.6991929],[-74.0385985,40.6992101],[-74.0386321,40.6992385],[-74.0386642,40.6992628],[-74.038697,40.6992793],[-74.0387232,40.699302],[-74.0387475,40.6993362],[-74.0387588,40.6993677],[-74.0387719,40.6993976],[-74.0387831,40.6994062],[-74.0387962,40.699439],[-74.0388017,40.6994874],[-74.0388149,40.6995316],[-74.0388382,40.6995622],[-74.0388796,40.6996022],[-74.0388927,40.6996251],[-74.0389358,40.6996549],[-74.0389901,40.6996622],[-74.0390239,40.6996623],[-74.0390746,40.699668],[-74.0391214,40.6996709],[-74.0391629,40.6996767],[-74.0392097,40.699681],[-74.0392548,40.6996867],[-74.0392866,40.6997081],[-74.0393298,40.6997268],[-74.0393815,40.6997504],[-74.0394283,40.6997632],[-74.0394771,40.6997818],[-74.0395109,40.6998161],[-74.0395465,40.6998431],[-74.0395859,40.6998533],[-74.0396215,40.6998561],[-74.0396647,40.6998733],[-74.0396891,40.699899],[-74.0397134,40.6999275],[-74.0397453,40.6999503],[-74.0397827,40.6999518],[-74.0398251,40.6999554],[-74.0398588,40.6999655],[-74.0399002,40.6999811],[-74.0399339,40.6999941],[-74.0399657,40.7000183],[-74.0399938,40.7000412],[-74.040022,40.700061],[-74.0400483,40.700074],[-74.040082,40.7000925],[-74.0401196,40.700094],[-74.0401534,40.7001026],[-74.0401871,40.700114],[-74.0402491,40.700117],[-74.0402827,40.7001113],[-74.0403288,40.7001007],[-74.0403756,40.7001122],[-74.0404152,40.7001264],[-74.0404601,40.7001494],[-74.0404958,40.7001623],[-74.0405278,40.7001765],[-74.0405689,40.7001879],[-74.0406121,40.7002008],[-74.0406477,40.7002136],[-74.0406966,40.7002152],[-74.0407303,40.7001925],[-74.0407472,40.7001669]]],[[[-74.035443,40.685125],[-74.019577,40.679654],[-74.008663,40.686249],[-74.0085948,40.6862959],[-74.0083659,40.6864262],[-74.0082907,40.6864417],[-74.0080914,40.6875085],[-74.0074623,40.6886621],[-74.0069664,40.6889994],[-74.0064699,40.6898545],[-74.0060025,40.6905979],[-74.0054419,40.691317],[-74.0050007,40.6922553],[-74.0041318,40.6935657],[-74.0036039,40.6941589],[-74.0033816,40.6946775],[-74.0026662,40.6957649],[-74.0018898,40.6968077],[-74.0015556,40.6972918],[-74.0011074,40.6980893],[-74.0005834,40.6989323],[-74.0002365,40.6994949],[-73.9995497,40.7004296],[-73.9963451,40.7033735],[-73.9959947,40.7037725],[-73.9957569,40.7038774],[-73.9951925,40.7038071],[-73.9950772,40.7040197],[-73.9945629,40.7042712],[-73.9943578,40.7044439],[-73.9935158,40.7046716],[-73.990749,40.7049],[-73.9901452,40.7050162],[-73.9900444,40.7050118],[-73.9864168,40.705454],[-73.9834159,40.7057302],[-73.9830481,40.7056703],[-73.9827564,40.7056796],[-73.9824381,40.7058529],[-73.980921,40.7059673],[-73.97912,40.706065],[-73.977116,40.706533],[-73.972864,40.708824],[-73.9723205,40.7090758],[-73.97226,40.709102],[-73.97054,40.707313],[-73.970534,40.707306],[-73.9701825,40.7069404],[-73.970159,40.706916],[-73.970288,40.705753],[-73.970087,40.705752],[-73.970129,40.705383],[-73.969312,40.705475],[-73.969262,40.706803],[-73.9692715,40.7070286],[-73.969298,40.7070851],[-73.969867,40.707916],[-73.9704007,40.7086318],[-73.9701914,40.7092385],[-73.9700064,40.7105491],[-73.969061,40.711744],[-73.9689119,40.7131879],[-73.9677402,40.7157309],[-73.9673055,40.7170152],[-73.9679043,40.7173184],[-73.966666,40.7194968],[-73.9656943,40.7206834],[-73.9649308,40.7214952],[-73.9635168,40.7217312],[-73.9633389,40.7218977],[-73.9627691,40.7227582],[-73.961722,40.72487],[-73.962109,40.725105],[-73.9621293,40.7251589],[-73.9620383,40.7252476],[-73.961933,40.725286],[-73.961758,40.725784],[-73.961741,40.726686],[-73.9619238,40.7275427],[-73.9617512,40.7281249],[-73.9613803,40.729069],[-73.961465,40.730764],[-73.962406,40.732926],[-73.962413,40.73399],[-73.962298,40.734287],[-73.962112,40.734528],[-73.962547,40.736437],[-73.9626667,40.7369801],[-73.962978,40.738393],[-73.9621661,40.7413534],[-73.9607468,40.7441711],[-73.9598548,40.7451772],[-73.959334,40.7461726],[-73.9587189,40.7471165],[-73.957853,40.7483993],[-73.9572708,40.7491674],[-73.9561547,40.7497876],[-73.9547578,40.7507797],[-73.954674,40.750879],[-73.954537,40.751035],[-73.954504,40.751136],[-73.954503,40.751138],[-73.9545472,40.7512427],[-73.9544422,40.751353],[-73.954298,40.751455],[-73.9540201,40.7518142],[-73.9534795,40.752257],[-73.9530476,40.7527668],[-73.9528208,40.7530006],[-73.952454,40.7533899],[-73.9521428,40.7537746],[-73.952027,40.75383],[-73.951614,40.754299],[-73.9510922,40.7549506],[-73.9509011,40.7551524],[-73.9506844,40.7554267],[-73.945698,40.761809],[-73.943339,40.765003],[-73.941379,40.767089],[-73.9406496,40.7675512],[-73.939826,40.768073],[-73.935903,40.770001],[-73.935226,40.770609],[-73.935045,40.7711861],[-73.9355572,40.7715992],[-73.9359429,40.7717347],[-73.9375174,40.7725227],[-73.9378787,40.773831],[-73.937898,40.774033],[-73.937838,40.774832],[-73.937062,40.776185],[-73.936347,40.777138],[-73.935903,40.777506],[-73.9348937,40.7780643],[-73.934558,40.77825],[-73.933803,40.778272],[-73.933184,40.778206],[-73.931708,40.777998],[-73.93115,40.777623],[-73.930643,40.776672],[-73.930038,40.776398],[-73.928695,40.776757],[-73.928236,40.777132],[-73.922345,40.780811],[-73.920761,40.782162],[-73.9156319,40.7864462],[-73.9147322,40.7874646],[-73.9126153,40.7894243],[-73.9121128,40.7895704],[-73.9117549,40.7897803],[-73.9098375,40.7909643],[-73.912528,40.796118],[-73.914169,40.796818],[-73.915523,40.797421],[-73.915757,40.797525],[-73.916392,40.797808],[-73.917859,40.798507],[-73.918088,40.798616],[-73.918649,40.798807],[-73.919034,40.799011],[-73.919896,40.799392],[-73.920078,40.799512],[-73.92034,40.799729],[-73.920697,40.800201],[-73.920956,40.800694],[-73.921186,40.801031],[-73.921375,40.801319],[-73.921413,40.801369],[-73.921794,40.801689],[-73.921898,40.801772],[-73.921913,40.801781],[-73.9222,40.801915],[-73.922382,40.801995],[-73.922663,40.802119],[-73.923075,40.802231],[-73.923472,40.802304],[-73.926507,40.802173],[-73.92707,40.802195],[-73.927663,40.802399],[-73.928019,40.802774],[-73.92871,40.804119],[-73.929031,40.804564],[-73.929963,40.805773],[-73.930446,40.806328],[-73.930526,40.806478],[-73.930526,40.806614],[-73.93096,40.806948],[-73.931277,40.807243],[-73.931655,40.807639],[-73.931911,40.807937],[-73.93211,40.808146],[-73.932231,40.808303],[-73.932364,40.808519],[-73.9325,40.80882],[-73.932592,40.809131],[-73.932621,40.80934],[-73.932626,40.80966],[-73.932597,40.810016],[-73.932595,40.810052],[-73.932768,40.810097],[-73.932816,40.810128],[-73.932838,40.810167],[-73.932857,40.810327],[-73.932847,40.810394],[-73.932812,40.810424],[-73.932663,40.810554],[-73.932656,40.810579],[-73.932666,40.810749],[-73.932556,40.810886],[-73.932608,40.811006],[-73.932676,40.811164],[-73.932743,40.811511],[-73.932747,40.811531],[-73.932828,40.811948],[-73.932705,40.812575],[-73.932532,40.816053],[-73.932591,40.818222],[-73.9326321,40.8189744],[-73.932737,40.820893],[-73.932828,40.823366],[-73.933106,40.825949],[-73.933763,40.831686],[-73.933796,40.832958],[-73.933651,40.834053],[-73.933247,40.835632],[-73.933215,40.8357016],[-73.93287,40.836453],[-73.930996,40.839724],[-73.930104,40.841494],[-73.929339,40.843301],[-73.929128,40.844264],[-73.927091,40.847353],[-73.925114,40.849709],[-73.923448,40.852369],[-73.921527,40.854742],[-73.920875,40.855413],[-73.920794,40.855609],[-73.920605,40.855851],[-73.920402,40.856093],[-73.920076,40.856589],[-73.918948,40.857699],[-73.918224,40.858456],[-73.914333,40.86239],[-73.914244,40.862501],[-73.913623,40.863145],[-73.913396,40.863342],[-73.91186,40.865223],[-73.911319,40.866007],[-73.91078,40.86684],[-73.910336,40.867669],[-73.909711,40.868926],[-73.90949,40.869605],[-73.909337,40.870314],[-73.909194,40.871104],[-73.909148,40.871724],[-73.909332,40.87254],[-73.909264,40.872649],[-73.9092528,40.8726696],[-73.909117,40.872919],[-73.908902,40.873034],[-73.908666,40.872978],[-73.908412,40.872698],[-73.908124,40.872802],[-73.908055,40.872965],[-73.907726,40.873247],[-73.907451,40.873398],[-73.907249,40.873772],[-73.907371,40.873963],[-73.907353,40.874351],[-73.90695,40.875047],[-73.906769,40.87598],[-73.906894,40.876287],[-73.907249,40.876308],[-73.907433,40.876412],[-73.907858,40.87683],[-73.907875,40.877168],[-73.908183,40.877538],[-73.908408,40.877613],[-73.908704,40.877596],[-73.908941,40.877642],[-73.909126,40.877998],[-73.909422,40.87812],[-73.909561,40.8783],[-73.909616,40.878754],[-73.909932,40.878842],[-73.910865,40.879171],[-73.911195,40.879198],[-73.911584,40.87914],[-73.911874,40.878958],[-73.912149,40.878432],[-73.912437,40.878027],[-73.9124759,40.8779877],[-73.9125648,40.8778977],[-73.912693,40.877768],[-73.914213,40.877134],[-73.914773,40.876719],[-73.914997,40.87649],[-73.915177,40.876079],[-73.91522,40.875923],[-73.915336,40.875808],[-73.915578,40.875696],[-73.916024,40.875728],[-73.916163,40.87569],[-73.9161787,40.8756893],[-73.916185,40.875689],[-73.916187,40.87569],[-73.916216,40.875689],[-73.91623,40.875688],[-73.916284,40.875687],[-73.916377,40.875711],[-73.916437,40.875754],[-73.916502,40.875769],[-73.916957,40.875792],[-73.917279,40.875769],[-73.917396,40.875745],[-73.917598,40.875672],[-73.9176836,40.8756705],[-73.917767,40.875669],[-73.9178453,40.8757074],[-73.917916,40.875742],[-73.9183897,40.8758436],[-73.918457,40.875858],[-73.918799,40.875961],[-73.919287,40.876153],[-73.919642,40.876327],[-73.919855,40.87647],[-73.91992,40.876531],[-73.920269,40.876863],[-73.920907,40.877504],[-73.921695,40.87824],[-73.921873,40.878372],[-73.921923,40.878381],[-73.924761,40.87887],[-73.924928,40.878899],[-73.9249858,40.8789176],[-73.925254,40.879004],[-73.9253,40.87902],[-73.933907,40.882012],[-73.9341963,40.8815481],[-73.948336,40.858446],[-73.948822,40.857651],[-73.952397,40.851812],[-73.952486,40.851666],[-73.952565,40.851537],[-73.952829,40.851106],[-73.953988,40.848468],[-73.954194,40.848003],[-73.954312,40.847732],[-73.955661,40.844661],[-73.955727,40.84451],[-73.957796,40.839801],[-73.957831,40.839721],[-73.958019,40.839292],[-73.958705,40.837732],[-73.9587239,40.8376892],[-73.958824,40.837462],[-73.960086,40.834587],[-73.960136,40.834474],[-73.961211,40.832027],[-73.961263,40.83191],[-73.961329,40.831759],[-73.961646,40.831036],[-73.96168,40.830961],[-73.962463,40.829177],[-73.962585,40.828901],[-73.962654,40.828742],[-73.963577,40.826642],[-73.963787,40.826355],[-73.963815,40.826316],[-73.96502,40.824666],[-73.965138,40.824504],[-73.96517,40.82446],[-73.965592,40.823883],[-73.965719,40.823709],[-73.9659,40.823461],[-73.965981,40.82335],[-73.96647,40.82268],[-73.966563,40.822553],[-73.967803,40.820854],[-73.967865,40.820771],[-73.967894,40.820731],[-73.970693,40.816897],[-73.971123,40.816308],[-73.971152,40.816269],[-73.971616,40.815633],[-73.973487,40.813071],[-73.975085,40.810882],[-73.977172,40.808025],[-73.9772909,40.8078621],[-73.978864,40.805707],[-73.979094,40.805392],[-73.980634,40.803283],[-73.982516,40.800706],[-73.982655,40.800516],[-73.984362,40.798179],[-73.984739,40.797662],[-73.99169,40.788143],[-73.992998,40.786353],[-74.0004487,40.7761545],[-74.0016207,40.7745491],[-74.014028,40.757551],[-74.0142459,40.7566558],[-74.0174387,40.7435392],[-74.0206386,40.7303906],[-74.0213072,40.7276365],[-74.0213403,40.7275071],[-74.021347,40.7274823],[-74.023637,40.718068],[-74.02639,40.700102],[-74.034495,40.6866935],[-74.035443,40.685125]]]]}},{"type":"Feature","properties":{"name":"Holgate","url":"lbi/holgate/index.html","eventsKey":"Long Beach Island"},"geometry":{"type":"Polygon","coordinates":[[[-74.2663102,39.5419034],[-74.2570332,39.5380362],[-74.2568877,39.5381797],[-74.2557951,39.5395189],[-74.2553601,39.540083],[-74.2551337,39.5403875],[-74.2548754,39.5407115],[-74.2543667,39.5412619],[-74.2540563,39.5415977],[-74.2537449,39.5419049],[-74.2535952,39.5420526],[-74.2533177,39.5423402],[-74.2521374,39.5435261],[-74.2519784,39.5436735],[-74.2513168,39.5444201],[-74.2510986,39.5446663],[-74.2505465,39.5453614],[-74.2500199,39.5460038],[-74.2498005,39.5462713],[-74.2493832,39.5467905],[-74.2505671,39.5473123],[-74.251193,39.5475792],[-74.2612713,39.5517544],[-74.2617849,39.5508572],[-74.2620785,39.550292],[-74.262682,39.5492182],[-74.263242,39.5481602],[-74.2640055,39.5466836],[-74.2642723,39.5461008],[-74.264823,39.54497],[-74.2663102,39.5419034]]]}},{"type":"Feature","properties":{"name":"Beach Haven","url":"lbi/beach-haven/index.html","eventsKey":"Long Beach Island"},"geometry":{"type":"Polygon","coordinates":[[[-74.266843,39.581615],[-74.26655,39.579467],[-74.264243,39.57633],[-74.264159,39.576329],[-74.26366,39.575955],[-74.262862,39.575461],[-74.261324,39.574572],[-74.25968,39.573738],[-74.257989,39.572765],[-74.255865,39.571322],[-74.254808,39.570144],[-74.254249,39.569089],[-74.253842,39.567529],[-74.253845,39.566629],[-74.253849,39.565177],[-74.255156,39.562359],[-74.256354,39.559991],[-74.257661,39.556874],[-74.258575,39.555487],[-74.259763,39.554032],[-74.2612713,39.5517544],[-74.251193,39.5475792],[-74.2505671,39.5473123],[-74.2493832,39.5467905],[-74.2487437,39.5475122],[-74.2476976,39.5485588],[-74.2466086,39.549568],[-74.2460346,39.5501058],[-74.2440542,39.5517529],[-74.2436287,39.5521408],[-74.243457,39.5522752],[-74.2433658,39.5522649],[-74.2432371,39.5522256],[-74.2431727,39.5522509],[-74.2431358,39.5523037],[-74.2431452,39.5524621],[-74.242313,39.5532095],[-74.242027,39.5534697],[-74.241827,39.5536568],[-74.2416135,39.5538863],[-74.2413535,39.5541706],[-74.2410229,39.5546701],[-74.2406166,39.5550278],[-74.2400801,39.5556358],[-74.2396402,39.5560287],[-74.2393168,39.5562834],[-74.2387927,39.5569593],[-74.2384846,39.5573691],[-74.2382757,39.5576634],[-74.2380577,39.5578527],[-74.2378351,39.5581091],[-74.2375391,39.5584254],[-74.2371682,39.5587916],[-74.2364954,39.559699],[-74.2362694,39.5599959],[-74.235455,39.5608715],[-74.2351293,39.5612866],[-74.2348328,39.5617344],[-74.2345746,39.5620261],[-74.2342702,39.5623535],[-74.2340842,39.5626777],[-74.2338792,39.562994],[-74.2335672,39.5633863],[-74.2325987,39.5647555],[-74.2323527,39.5651831],[-74.2321542,39.5655202],[-74.2318994,39.5658448],[-74.2316619,39.5660695],[-74.2315344,39.5664112],[-74.2312962,39.566775],[-74.2311275,39.5670394],[-74.2307059,39.5675033],[-74.2305396,39.5677003],[-74.2303443,39.5679969],[-74.2301935,39.5682176],[-74.2299394,39.5685469],[-74.2298329,39.5689389],[-74.2296089,39.5692279],[-74.2293674,39.569383],[-74.2293325,39.5694115],[-74.2296232,39.5695452],[-74.2299182,39.5696809],[-74.2303137,39.5698628],[-74.231325,39.570263],[-74.232838,39.570908],[-74.2343027,39.5715476],[-74.2345682,39.5716648],[-74.2359835,39.5722658],[-74.249841,39.578109],[-74.266612,39.585295],[-74.266651,39.584836],[-74.266735,39.583261],[-74.266843,39.581615]]]}},{"type":"Feature","properties":{"name":"Ship Bottom","url":"lbi/ship-bottom/index.html","eventsKey":"Long Beach Island"},"geometry":{"type":"Polygon","coordinates":[[[-74.200164,39.641792],[-74.194254,39.639429],[-74.192053,39.63856],[-74.190015,39.637491],[-74.188565,39.63717],[-74.1873798,39.6366452],[-74.1865446,39.6362874],[-74.1865674,39.6362709],[-74.186458,39.636222],[-74.1863355,39.6361801],[-74.1855059,39.6358352],[-74.1853274,39.6357603],[-74.184706,39.635493],[-74.1828203,39.6347599],[-74.1826648,39.6350284],[-74.1825093,39.635266],[-74.1822839,39.6355201],[-74.1815972,39.6363691],[-74.1811788,39.6369887],[-74.1807765,39.637534],[-74.1805726,39.6380297],[-74.1803259,39.6383148],[-74.1798806,39.6388436],[-74.1794407,39.6397772],[-74.1793442,39.6400746],[-74.1788936,39.6404546],[-74.1783464,39.6411362],[-74.1774022,39.6424747],[-74.177075,39.6430777],[-74.1767854,39.6435858],[-74.1764528,39.6440154],[-74.1757339,39.6446598],[-74.1751438,39.6453414],[-74.1746128,39.645961],[-74.1743767,39.6464608],[-74.1737813,39.6468367],[-74.1732395,39.6473818],[-74.1715094,39.6496805],[-74.1709328,39.6504797],[-74.1707075,39.6508267],[-74.1703037,39.6513904],[-74.170119,39.6515555],[-74.1712457,39.6521108],[-74.1716026,39.6522867],[-74.173038,39.65295],[-74.173585,39.65322],[-74.174115,39.653496],[-74.175602,39.654108],[-74.175617,39.654198],[-74.176527,39.654679],[-74.177394,39.655069],[-74.180044,39.65636],[-74.180232,39.656453],[-74.180649,39.656695],[-74.181186,39.656548],[-74.182118,39.656382],[-74.183532,39.655672],[-74.185035,39.654681],[-74.1854162,39.6542818],[-74.185562,39.654129],[-74.185638,39.654049],[-74.185911,39.653763],[-74.18646,39.652534],[-74.186747,39.651359],[-74.186767,39.648566],[-74.18695,39.64734],[-74.188225,39.645894],[-74.189231,39.645196],[-74.189732,39.644966],[-74.190296,39.644708],[-74.190453,39.644637],[-74.192215,39.64419],[-74.194481,39.643587],[-74.196789,39.64292],[-74.19808,39.642564],[-74.199571,39.642121],[-74.200164,39.641792]]]}},{"type":"Feature","properties":{"name":"Surf City","url":"lbi/surf-city/index.html","eventsKey":"Long Beach Island"},"geometry":{"type":"Polygon","coordinates":[[[-74.181616,39.661166],[-74.180408,39.660059],[-74.179912,39.659391],[-74.179535,39.658523],[-74.179469,39.657771],[-74.179721,39.657225],[-74.179894,39.657103],[-74.180367,39.656773],[-74.180649,39.656695],[-74.180232,39.656453],[-74.180044,39.65636],[-74.177394,39.655069],[-74.176527,39.654679],[-74.175617,39.654198],[-74.175602,39.654108],[-74.174115,39.653496],[-74.173585,39.65322],[-74.173038,39.65295],[-74.1716026,39.6522867],[-74.1712457,39.6521108],[-74.170119,39.6515555],[-74.1699296,39.6518592],[-74.1695756,39.652392],[-74.1692215,39.6528877],[-74.1689801,39.6530942],[-74.1684115,39.6535485],[-74.1680896,39.6539863],[-74.1677948,39.6544126],[-74.167028,39.6555405],[-74.1664589,39.6563569],[-74.1660405,39.6568319],[-74.1649944,39.6580626],[-74.1640743,39.6592417],[-74.163495,39.6597765],[-74.1633797,39.660078],[-74.1629451,39.660557],[-74.1624838,39.6613582],[-74.1619957,39.662023],[-74.1618616,39.662279],[-74.1615102,39.6626456],[-74.1613831,39.6627708],[-74.1613305,39.6628025],[-74.1612627,39.6628479],[-74.1613255,39.6628992],[-74.1613445,39.6629088],[-74.1613445,39.6629285],[-74.1613347,39.6629407],[-74.1612874,39.662975],[-74.1612446,39.6630709],[-74.1611641,39.6631682],[-74.1608571,39.6634922],[-74.1604038,39.6641075],[-74.1602093,39.6644698],[-74.1599759,39.6647568],[-74.1597506,39.6650707],[-74.1596125,39.6652049],[-74.1595025,39.665338],[-74.1594623,39.6653907],[-74.1592062,39.6656849],[-74.1588923,39.6660865],[-74.1586295,39.6665139],[-74.1577189,39.6678136],[-74.1576786,39.6678477],[-74.157625,39.6678817],[-74.1575848,39.6678931],[-74.1575633,39.6679365],[-74.1575673,39.6679829],[-74.1575123,39.6680335],[-74.1573152,39.6684402],[-74.1570519,39.6688305],[-74.156718,39.6692624],[-74.1573149,39.6695375],[-74.157677,39.6697045],[-74.1588742,39.6702508],[-74.158971,39.670295],[-74.1591678,39.6703919],[-74.159375,39.670494],[-74.160035,39.670819],[-74.1608037,39.6712208],[-74.161873,39.671792],[-74.162488,39.672108],[-74.174017,39.66602],[-74.175384,39.665299],[-74.180292,39.662709],[-74.181616,39.661166]]]}},{"type":"Feature","properties":{"name":"Harvey Cedars","url":"lbi/harvey-cedars/index.html","eventsKey":"Long Beach Island"},"geometry":{"type":"Polygon","coordinates":[[[-74.159402,39.690486],[-74.151705,39.687422],[-74.149671,39.686955],[-74.1483731,39.686322],[-74.147274,39.685924],[-74.146852,39.685762],[-74.144884,39.684974],[-74.1446552,39.684893],[-74.1439229,39.6857768],[-74.1432524,39.6867098],[-74.143129,39.6871226],[-74.1427803,39.6877419],[-74.1425604,39.6881299],[-74.1419756,39.6893105],[-74.1413051,39.690293],[-74.140876,39.6910401],[-74.1402751,39.6919813],[-74.1396582,39.6930421],[-74.1391942,39.6936056],[-74.1387784,39.6942144],[-74.1384083,39.6947428],[-74.1379764,39.6955951],[-74.1376197,39.6961462],[-74.136917,39.6968437],[-74.136461,39.6974299],[-74.1361499,39.6979541],[-74.1359568,39.6979891],[-74.1357046,39.69818],[-74.1356084,39.6982961],[-74.135391,39.6989981],[-74.134798,39.6999187],[-74.1340095,39.7012643],[-74.1334302,39.7025065],[-74.1325665,39.7041492],[-74.1319769,39.705445],[-74.1314226,39.706556],[-74.130669,39.707876],[-74.1296722,39.7096669],[-74.1295782,39.7102326],[-74.1291907,39.710961],[-74.1299921,39.71123],[-74.1302905,39.711375],[-74.1309853,39.7115616],[-74.1310108,39.7115121],[-74.131581,39.711668],[-74.1315182,39.7117786],[-74.1317363,39.7118425],[-74.1318798,39.7119242],[-74.1335213,39.7124772],[-74.13391,39.71255],[-74.134259,39.71271],[-74.141795,39.715049],[-74.1433073,39.7075157],[-74.1499494,39.6994239],[-74.1519215,39.6944601],[-74.1533293,39.6930911],[-74.159402,39.690486]]]}},{"type":"Feature","properties":{"name":"Barnegat Light","url":"lbi/barnegat-light/index.html","eventsKey":"Long Beach Island"},"geometry":{"type":"Polygon","coordinates":[[[-74.123036,39.742174],[-74.122336,39.741798],[-74.121809,39.741516],[-74.120363,39.740975],[-74.117177,39.739782],[-74.114823,39.7389],[-74.1147035,39.7388541],[-74.114423,39.738752],[-74.1138878,39.738531],[-74.1137213,39.7387836],[-74.1133082,39.7392415],[-74.1124606,39.7403841],[-74.111656,39.7413906],[-74.1108923,39.7421367],[-74.109714,39.7435025],[-74.1083622,39.7450699],[-74.1078633,39.7454494],[-74.1068709,39.7462826],[-74.1052882,39.7475497],[-74.1041453,39.7483664],[-74.1032077,39.7490322],[-74.1025774,39.7498933],[-74.1021161,39.7510981],[-74.1009572,39.753237],[-74.1005373,39.7542878],[-74.10023,39.7546937],[-74.0999227,39.7550479],[-74.0994751,39.7556401],[-74.0991069,39.7560649],[-74.0987892,39.7563732],[-74.0985186,39.7565623],[-74.0978687,39.757014],[-74.0970111,39.7576099],[-74.0963781,39.7579625],[-74.0956056,39.7582347],[-74.0948249,39.7582944],[-74.094752,39.7583192],[-74.0946972,39.7583428],[-74.0946571,39.7583201],[-74.0946187,39.7582979],[-74.0946048,39.7582744],[-74.0945742,39.7582573],[-74.0945076,39.7582253],[-74.0944798,39.7582082],[-74.0944521,39.7581869],[-74.0944243,39.7581719],[-74.0943938,39.7581591],[-74.0943688,39.7581335],[-74.0943438,39.7581122],[-74.0943188,39.7580887],[-74.094291,39.7580737],[-74.0942577,39.7580567],[-74.0942271,39.7580439],[-74.0941883,39.7580353],[-74.0941605,39.7580161],[-74.0941272,39.7579926],[-74.094105,39.7579627],[-74.0940522,39.7579115],[-74.093932,39.7578403],[-74.0939157,39.7578326],[-74.0938932,39.7578201],[-74.0938581,39.7577999],[-74.0938369,39.7577883],[-74.0938219,39.7577797],[-74.0937981,39.7577652],[-74.0937793,39.7577547],[-74.0937493,39.7577345],[-74.0937343,39.7577248],[-74.0937218,39.7577162],[-74.0937042,39.7577046],[-74.0936917,39.7576969],[-74.093678,39.7576873],[-74.0936592,39.7576767],[-74.0936417,39.7576681],[-74.0936229,39.7576585],[-74.0936016,39.7576488],[-74.0935816,39.7576402],[-74.0934815,39.7575834],[-74.0934064,39.7575401],[-74.0933464,39.7575026],[-74.0932788,39.7574507],[-74.0931524,39.7573679],[-74.0930348,39.7572939],[-74.0929459,39.757241],[-74.0928646,39.7571919],[-74.0928233,39.7571669],[-74.0927808,39.7571477],[-74.0927457,39.7571496],[-74.0927295,39.7571659],[-74.0927194,39.7572044],[-74.0927295,39.7572506],[-74.09274,39.757261],[-74.094276,39.760235],[-74.095134,39.76075],[-74.098118,39.762755],[-74.098923,39.763296],[-74.099055,39.763386],[-74.099709,39.763848],[-74.101299,39.764913],[-74.101494,39.765044],[-74.103339,39.766283],[-74.103525,39.766408],[-74.104381,39.766982],[-74.105171,39.766434],[-74.105173,39.766245],[-74.10514,39.765054],[-74.10528,39.764941],[-74.105962,39.764998],[-74.106307,39.765027],[-74.106803,39.764915],[-74.107421,39.764778],[-74.108687,39.764036],[-74.10937,39.763564],[-74.109998,39.762713],[-74.110127,39.762075],[-74.110208,39.761808],[-74.110389,39.761218],[-74.110504,39.761201],[-74.111012,39.760956],[-74.111437,39.760703],[-74.1115523,39.7604968],[-74.111871,39.759845],[-74.112175,39.759278],[-74.11249,39.758763],[-74.112701,39.758409],[-74.113161,39.756791],[-74.113474,39.755941],[-74.114519,39.753116],[-74.11509,39.751572],[-74.115439,39.751001],[-74.115705,39.750565],[-74.115895,39.750426],[-74.116235,39.750176],[-74.117118,39.74953],[-74.117269,39.749419],[-74.1178064,39.7492215],[-74.120067,39.744872],[-74.123036,39.742174]]]}}]}